scenario,dataset,model,kind,output,n,r,r2,R2,mae,rmse,nll
toy_1d,0,gp,single,output_0,100,0.7250520558182886,0.5257004836463266,0.5255431865994902,0.2550254773377315,0.3018338189831745,0.2322806720158267
toy_1d,0,gp,single,output_1,100,0.5477345361908958,0.3000131221362558,0.295945203946843,0.3853846862865115,0.4515796307075639,0.63859160511573
toy_1d,0,gp,single,output_2,100,0.934738481987562,0.8737360297084118,0.8735062653220432,0.30141181831531083,0.3978030836382299,0.5771231698230982
toy_1d,0,mtgp,multi,output_0,100,0.6982150869470504,0.4875043076404771,0.4853928412139623,0.2672635222061024,0.3143456585131237,0.2771735391704283
toy_1d,0,mtgp,multi,output_1,100,0.5555852407858182,0.30867495977903553,0.3031746603348252,0.3848580270976116,0.4492551672932668,0.6337991708664604
toy_1d,0,mtgp,multi,output_2,100,0.9376836547006554,0.879250636292778,0.8790956828351412,0.2967845528487776,0.3889148641890121,0.532032768863947
toy_1d,0,mtgp_corr,multi,output_0,100,0.6990438066644774,0.4886622436359633,0.4872293763640865,0.2658832108321138,0.31378423720655135,0.27330612497564255
toy_1d,0,mtgp_corr,multi,output_1,100,0.5491252542598258,0.30153854486591836,0.29816582886257637,0.38687974524913105,0.45086691562742376,0.6327879075555591
toy_1d,0,mtgp_corr,multi,output_2,100,0.9343671499249864,0.873041970858942,0.8727205237627966,0.30074100697842027,0.39903668828702205,0.5805402808657593
toy_1d,0,ridge,single,output_0,100,0.7307780047198363,0.5340364921823051,0.533723729772574,0.25367752736628324,0.2992204087067143,
toy_1d,0,ridge,single,output_1,100,0.5759522845398997,0.33172103406672954,0.3301265092751815,0.3740798004219416,0.44048133390645794,
toy_1d,0,ridge,single,output_2,100,0.833653776435099,0.694978618964502,0.6949447249038216,0.4420586661592133,0.6177644424872913,
toy_1d,0,rrr,multi,output_0,100,0.7305311754701376,0.533675798333781,0.5333389646348855,0.25386141895278863,0.29934383965102723,
toy_1d,0,rrr,multi,output_1,100,0.5762886341005292,0.33210858979345365,0.33019067952642367,0.3741252270447915,0.4404602355384708,
toy_1d,0,rrr,multi,output_2,100,0.8339923185131864,0.6955431873390002,0.6955419543466884,0.44101640366186196,0.6171594244795054,
toy_1d,0,lasso,single,output_0,100,0.7316892860644785,0.5353692113415462,0.5350173890339782,0.25330679159948466,0.29880503466721164,
toy_1d,0,lasso,single,output_1,100,0.5774534104909463,0.33345244128762536,0.33144906418497555,0.37347417358762863,0.4400462901364964,
toy_1d,0,lasso,single,output_2,100,0.8332268751164176,0.6942670254162702,0.6942464524031409,0.44128192849997483,0.6184710707424991,
toy_1d,0,mtlasso,multi,output_0,100,0.7313723405927448,0.5349055005841099,0.5345780271707941,0.25335705317262425,0.29894617170746757,
toy_1d,0,mtlasso,multi,output_1,100,0.5768334974466401,0.332736883776523,0.3308204096427725,0.37349850935657114,0.4402531345837061,
toy_1d,0,mtlasso,multi,output_2,100,0.8330894653125178,0.6940380572146968,0.6940262659921144,0.44111871424777527,0.618693724605708,
toy_1d,0,pls1,single,output_0,100,0.7311088397369455,0.5345201355415027,0.5339645482975794,0.253416171889473,0.29914312928200604,
toy_1d,0,pls1,single,output_1,100,0.5768756688836383,0.3327855373499451,0.330483022886395,0.3737486708612485,0.44036410394213044,
toy_1d,0,pls1,single,output_2,100,0.833610699026262,0.6949067975310531,0.6948371854087692,0.4426137073094264,0.617873321480296,
toy_1d,0,pls2,multi,output_0,100,0.7311088397369454,0.5345201355415026,0.5339645482975796,0.25341617188947296,0.299143129282006,
toy_1d,0,pls2,multi,output_1,100,0.5768756688836382,0.3327855373499449,0.33048302288639475,0.3737486708612486,0.4403641039421305,
toy_1d,0,pls2,multi,output_2,100,0.8336106990262618,0.6949067975310529,0.6948371854087692,0.4426137073094264,0.617873321480296,
toy_1d,1,gp,single,output_0,100,0.6608433297321881,0.43671390645152547,0.43661459859083873,0.23637542881385723,0.2771641875955347,0.13934100509600644
toy_1d,1,gp,single,output_1,100,0.3518034450975718,0.1237656639825202,0.12110348649982472,0.41008557670711004,0.4871345112905772,0.7115721564678154
toy_1d,1,gp,single,output_2,100,0.9500545798289558,0.9026037046539738,0.9025480940267876,0.25917440867667774,0.3233191813092273,0.28835172007258736
toy_1d,1,mtgp,multi,output_0,100,0.6351882616585376,0.4034641277487948,0.4029124019770518,0.2419901032805555,0.2853338819879148,0.16981522191290768
toy_1d,1,mtgp,multi,output_1,100,0.3456843592183887,0.11949767620822799,0.10806492964429015,0.41125466817805545,0.49073456407417576,0.7234453602222427
toy_1d,1,mtgp,multi,output_2,100,0.9501404073589975,0.9027667936963217,0.9027239454733524,0.25843212362637386,0.32302733571888936,0.28637897809338436
toy_1d,1,mtgp_corr,multi,output_0,100,0.6440450810996657,0.414794066488675,0.41463650208223024,0.2394544921916731,0.2825186604082586,0.1595599421913309
toy_1d,1,mtgp_corr,multi,output_1,100,0.3539599044361964,0.12528761394848129,0.1183838809828125,0.40949164306443003,0.48788760930059644,0.7151501313929118
toy_1d,1,mtgp_corr,multi,output_2,100,0.9499239824154369,0.9023555723680032,0.9023320119422149,0.25954222297721946,0.32367743391306153,0.2878996675711582
toy_1d,1,ridge,single,output_0,100,0.666163950500562,0.4437744089465152,0.44372623517661747,0.237537631174877,0.27540930467348634,
toy_1d,1,ridge,single,output_1,100,0.38897962986043866,0.15130515244636386,0.14958177831435515,0.4058571600129902,0.4791773773515134,
toy_1d,1,ridge,single,output_2,100,0.8401966632764596,0.7059304329808964,0.7059077340524224,0.3732052207645596,0.5616659592016905,
toy_1d,1,rrr,multi,output_0,100,0.665934016304904,0.44346811407198017,0.4433663655977137,0.23772823538389504,0.27549837539049293,
toy_1d,1,rrr,multi,output_1,100,0.3921401776094978,0.15377391889560849,0.1506342560385815,0.40591878465800163,0.478880770554353,
toy_1d,1,rrr,multi,output_2,100,0.8401166679152117,0.705796015708958,0.70577539649747,0.37220800780120356,0.5617923160434183,
toy_1d,1,lasso,single,output_0,100,0.6657817409770572,0.4432653266184413,0.44312289459987286,0.23767403017658592,0.27555862016110083,
toy_1d,1,lasso,single,output_1,100,0.3915789948084128,0.153334109175167,0.15063374354961223,0.4057943535021241,0.478880915027495,
toy_1d,1,lasso,single,output_2,100,0.8399972614835417,0.7055953992998495,0.7055703380688221,0.3731772139421322,0.5619880511775796,
toy_1d,1,mtlasso,multi,output_0,100,0.6660725957780733,0.4436527028465406,0.44359761393973907,0.23768266848883207,0.2754411428080911,
toy_1d,1,mtlasso,multi,output_1,100,0.39181625181320395,0.15351997518494806,0.1505316528751084,0.40586992107910946,0.4789096940178668,
toy_1d,1,mtlasso,multi,output_2,100,0.8402033987853459,0.705941751330447,0.7058953449263056,0.3716338192890667,0.5616777896337116,
toy_1d,1,pls1,single,output_0,100,0.6662926190001398,0.44394585413406545,0.4437179443722943,0.23749209738433705,0.2754113570407652,
toy_1d,1,pls1,single,output_1,100,0.39292552545640413,0.15439046855519128,0.1509427191731667,0.40588456256687344,0.47879380538144545,
toy_1d,1,pls1,single,output_2,100,0.8402125093042988,0.7059570607914264,0.7059078118633402,0.37397799252921343,0.5616658848989091,
toy_1d,1,pls2,multi,output_0,100,0.6662926190001401,0.4439458541340659,0.4437179443722943,0.23749209738433705,0.2754113570407652,
toy_1d,1,pls2,multi,output_1,100,0.39292552545640425,0.15439046855519137,0.15094271917316693,0.4058845625668734,0.4787938053814454,
toy_1d,1,pls2,multi,output_2,100,0.840212509304299,0.7059570607914267,0.7059078118633402,0.3739779925292134,0.5616658848989091,
toy_1d,2,gp,single,output_0,100,0.5925541948067017,0.3511204737830186,0.35106577253711424,0.27038231145595576,0.30765852431940405,0.24421143687992175
toy_1d,2,gp,single,output_1,100,0.5670143316339811,0.32150525227833027,0.32066446348803435,0.3025139582347893,0.3769812176137335,0.450755784081659
toy_1d,2,gp,single,output_2,100,0.9609399268911845,0.923405543093635,0.9233783487179581,0.26433103156279875,0.30686866039733096,0.24640356330005017
toy_1d,2,mtgp,multi,output_0,100,0.5527704221107382,0.30555513956048375,0.30352509253459414,0.2795603504553815,0.3187288304723851,0.2810842961765898
toy_1d,2,mtgp,multi,output_1,100,0.5475203614058206,0.29977854615396043,0.2973533227889906,0.3084560906893286,0.3833946466660063,0.4698222551196688
toy_1d,2,mtgp,multi,output_2,100,0.9604145638306202,0.9223961344179604,0.9223624469267746,0.26477616043802327,0.30889629793657897,0.25278730854257664
toy_1d,2,mtgp_corr,multi,output_0,100,0.5407704266020353,0.29243265428734727,0.29124052756195484,0.2814822298685699,0.3215274454972826,0.2895989967603413
toy_1d,2,mtgp_corr,multi,output_1,100,0.5469647542036942,0.29917044234110757,0.2985006940366791,0.3086520046336737,0.38308149089744026,0.46519918035813324
toy_1d,2,mtgp_corr,multi,output_2,100,0.9609165523040122,0.9233606204918294,0.9233189811227664,0.26546861647580255,0.30698752057956596,0.24637529845383857
toy_1d,2,ridge,single,output_0,100,0.6002120114588017,0.36025445869942063,0.3602191995601006,0.26808289799287793,0.3054810069401454,
toy_1d,2,ridge,single,output_1,100,0.584893255134225,0.34210011990150957,0.34202869239842426,0.3053375222188638,0.37100607750111975,
toy_1d,2,ridge,single,output_2,100,0.8099571941851542,0.6560306564122876,0.6559428066378131,0.4659940549781544,0.6502675841534831,
toy_1d,2,rrr,multi,output_0,100,0.6002772990784778,0.3603328357889523,0.3601096181196939,0.26812851799535936,0.30550716716209825,
toy_1d,2,rrr,multi,output_1,100,0.5853682300875281,0.3426559647958053,0.34236066181141067,0.30551017670458513,0.3709124729569532,
toy_1d,2,rrr,multi,output_2,100,0.8099732867433013,0.6560567252377462,0.6559569775040037,0.4662348266367528,0.6502541925575696,
toy_1d,2,lasso,single,output_0,100,0.5981396664851686,0.3577710606229887,0.35761834634638,0.26865352394640474,0.30610130175701117,
toy_1d,2,lasso,single,output_1,100,0.5827708892483117,0.3396219093552679,0.3395585910927357,0.3063574442748621,0.37170182525418466,
toy_1d,2,lasso,single,output_2,100,0.8099977363862187,0.6560963329507983,0.6559774893746981,0.46738239515498053,0.6502348081668798,
toy_1d,2,mtlasso,multi,output_0,100,0.5985662893691354,0.3582816027691355,0.35812523370255167,0.26851817313751775,0.3059805094688371,
toy_1d,2,mtlasso,multi,output_1,100,0.5847116152415633,0.341887672998398,0.34173253016534055,0.30575090683028594,0.3710895656604833,
toy_1d,2,mtlasso,multi,output_2,100,0.8095044180140034,0.6552974027841904,0.6552022693033057,0.464265690379358,0.6509670152285526,
toy_1d,2,pls1,single,output_0,100,0.6002772910824007,0.3603328261892252,0.3599684526642224,0.2681349809466569,0.3055408640899889,
toy_1d,2,pls1,single,output_1,100,0.5857238548151765,0.34307243409955,0.3426601733039073,0.3054928615143261,0.37082800021206946,
toy_1d,2,pls1,single,output_2,100,0.810004353053481,0.6561070519655883,0.655978312734545,0.46763744791173684,0.6502340300527508,
toy_1d,2,pls2,multi,output_0,100,0.6002772910824009,0.36033282618922546,0.3599684526642224,0.2681349809466569,0.3055408640899889,
toy_1d,2,pls2,multi,output_1,100,0.5857238548151766,0.3430724340995501,0.3426601733039074,0.3054928615143261,0.37082800021206946,
toy_1d,2,pls2,multi,output_2,100,0.810004353053481,0.6561070519655883,0.6559783127345451,0.4676374479117368,0.6502340300527508,
related,0,gp,single,output_0,150,0.9042115526262128,0.8175985319027064,0.8175021070181873,0.5058419487133634,0.6113407076054126,0.9531082388879732
related,0,gp,single,output_1,150,0.8412962248997206,0.7077793380305212,0.7077072943046933,0.46416947565641314,0.5680094437576119,0.8648286749142522
related,0,gp,single,output_2,150,0.8416567992133799,0.7083861676621117,0.7071559950655255,0.5050942453025289,0.6202843412998978,0.9539453184016541
related,0,gp,single,output_3,150,0.8861575896848457,0.7852752737560553,0.7840294693034813,0.42711000215729694,0.5414677495914118,0.787937374847459
related,0,mtgp,multi,output_0,150,0.9075388819501836,0.8236268222513893,0.8235726139908895,0.5009634533353804,0.6010870724695002,0.9257037592718866
related,0,mtgp,multi,output_1,150,0.8396872311669645,0.7050746461848433,0.7049022401272484,0.4572131060849968,0.5707284525699402,0.8676900843964961
related,0,mtgp,multi,output_2,150,0.843381489221416,0.7112923363613334,0.7111798583300996,0.5014733838451487,0.6160080496594079,0.9356097096322571
related,0,mtgp,multi,output_3,150,0.8989771417589866,0.808159901405157,0.8076108553097794,0.4059283590573484,0.5110526315047109,0.7484753840615331
related,0,mtgp_corr,multi,output_0,150,0.909299052533554,0.826824766938419,0.826766222471642,0.49460602907985957,0.5956219249085953,0.9232994076397866
related,0,mtgp_corr,multi,output_1,150,0.8409749695445738,0.7072388994004969,0.7071125379338472,0.4547543613279341,0.5685870420878834,0.8684032956275581
related,0,mtgp_corr,multi,output_2,150,0.844432696133874,0.7130665782999235,0.7129285147809998,0.5011088065845496,0.6141404135421332,0.9332849747808355
related,0,mtgp_corr,multi,output_3,150,0.8998338263591815,0.8097009150602057,0.8092598413632149,0.40271730546279033,0.5088577774251644,0.7387721555157384
related,0,ridge,single,output_0,150,0.7101607219786107,0.5043282510411816,0.502462838830747,0.8324383903566948,1.0094089471206134,
related,0,ridge,single,output_1,150,0.7902059028781517,0.624425368943475,0.6240704486330211,0.5337709911494117,0.6441689701293696,
related,0,ridge,single,output_2,150,0.7322885914748619,0.5362465812042372,0.5362383356617229,0.6248829233837508,0.780584767234234,
related,0,ridge,single,output_3,150,0.5729008981527068,0.32821543910417816,0.32523517933942736,0.7738264550957143,0.9570873212648733,
related,0,rrr,multi,output_0,150,0.7102037526569303,0.5043893702879861,0.4986585663534274,0.8318164132408635,1.0132606736027863,
related,0,rrr,multi,output_1,150,0.7901020909843172,0.6242613141777902,0.6241730468131501,0.5321034804867899,0.644081061272853,
related,0,rrr,multi,output_2,150,0.7399529056104737,0.5475303025213826,0.5469843269460737,0.6098046917185723,0.771488155472902,
related,0,rrr,multi,output_3,150,0.5751744641160983,0.3308256641712408,0.3141446926879613,0.772411315688712,0.9649206456925022,
related,0,lasso,single,output_0,150,0.7306923646548024,0.5339113317648266,0.5330523522719182,0.7953024556966306,0.9778865750366309,
related,0,lasso,single,output_1,150,0.78749256790738,0.6201445445093595,0.6188668325832065,0.5383829968448466,0.6486119408280544,
related,0,lasso,single,output_2,150,0.7491252804432381,0.5611886857991601,0.5580782697724331,0.6033768753869293,0.7619830796096798,
related,0,lasso,single,output_3,150,0.6179547627894391,0.3818680888541519,0.3763381407423012,0.7547717837950504,0.9201315864422155,
related,0,mtlasso,multi,output_0,150,0.7305593170633347,0.5337169157480459,0.5330328429507738,0.792272311128355,0.9779070031339356,
related,0,mtlasso,multi,output_1,150,0.7974160532625095,0.6358723620007575,0.6299090341399469,0.5273340051438392,0.6391470806103099,
related,0,mtlasso,multi,output_2,150,0.7515418124930897,0.5648150959253985,0.5612023805066765,0.5978801226793591,0.7592849302666363,
related,0,mtlasso,multi,output_3,150,0.616661894584231,0.38027189223221325,0.3802426224984099,0.7388830658783166,0.9172467878906944,
related,0,pls1,single,output_0,150,0.7133212961474872,0.5088272715375312,0.4964860916878938,0.8255802703579541,1.015453693599027,
related,0,pls1,single,output_1,150,0.7931463467551515,0.629081127371043,0.6277293854787791,0.5274763677338383,0.6410264441149932,
related,0,pls1,single,output_2,150,0.7369967890238646,0.5431642670314867,0.5405206913740097,0.6170263309517097,0.776972465471076,
related,0,pls1,single,output_3,150,0.5761524857824566,0.33195168687330384,0.3122183114964995,0.7643524784625467,0.9662747954479809,
related,0,pls2,multi,output_0,150,0.7084803407075421,0.5019443931690749,0.49353890953063995,0.8214277881556278,1.0184211990131555,
related,0,pls2,multi,output_1,150,0.791503143920085,0.6264772268353789,0.6249433094209118,0.5301840447799835,0.6434206961614913,
related,0,pls2,multi,output_2,150,0.7353955842534652,0.5408066653394954,0.5378018620198797,0.6094504947091978,0.779267824331276,
related,0,pls2,multi,output_3,150,0.5639376192121601,0.31802563836267933,0.286812619819961,0.7852538347132977,0.9839593837391858,
related,1,gp,single,output_0,150,0.8713220355367188,0.7592020896118511,0.7568922384083445,0.4347515260601992,0.559854073579264,0.8020660109999297
related,1,gp,single,output_1,150,0.8133996635954792,0.6616190127372388,0.6593799515628769,0.47403576503410894,0.698334438922288,0.901765916136734
related,1,gp,single,output_2,150,0.731647372175289,0.5353078772110058,0.5352542196926798,0.5156773909089548,0.6499577577662674,0.9868223261488921
related,1,gp,single,output_3,150,0.8129878606417207,0.6609492615508018,0.6600377033380311,0.5183921009638947,0.6406960940828119,0.957246356750123
related,1,mtgp,multi,output_0,150,0.8707774471624979,0.758253362486837,0.7565145124054907,0.42850758629521885,0.5602888383126234,0.797529982990698
related,1,mtgp,multi,output_1,150,0.8385885349069868,0.7032307308774467,0.7031184674332889,0.48965301129470923,0.6519584950837688,0.8883826897320763
related,1,mtgp,multi,output_2,150,0.7792870967687008,0.6072883791901904,0.604569509907288,0.46582894250355006,0.5995321548138038,0.8663785151438712
related,1,mtgp,multi,output_3,150,0.8211955330772386,0.67436210354601,0.6740026572200184,0.5133142528519073,0.6273988657074486,0.9550871824812289
related,1,mtgp_corr,multi,output_0,150,0.8250456762153652,0.6807003678416692,0.6759114665164643,0.49505532212000664,0.6464088043251346,0.9483237482717208
related,1,mtgp_corr,multi,output_1,150,0.8598188596639472,0.7392884714338106,0.7392199004761097,0.45769801222224205,0.6110342867431089,0.8477391295497794
related,1,mtgp_corr,multi,output_2,150,0.7506947298667277,0.5635425774496793,0.5622473175328244,0.49734867409232125,0.6308001852036333,0.9362296457465145
related,1,mtgp_corr,multi,output_3,150,0.7197271714321485,0.5180072012977213,0.5158230635391359,0.604052957120657,0.7646078425019053,1.1331313886217855
related,1,ridge,single,output_0,150,0.623151245631454,0.38831747493203267,0.38642363854379724,0.7068479723369762,0.8894258348563416,
related,1,ridge,single,output_1,150,0.45834831152595046,0.21008317467868973,0.20941476330193487,0.8038693100055349,1.0639046499057911,
related,1,ridge,single,output_2,150,0.4501857626488395,0.20266722089171726,0.2012127062766238,0.6411107975393852,0.8521047340346879,
related,1,ridge,single,output_3,150,0.5334619792060898,0.28458168325847866,0.2777276267488259,0.7415082525774043,0.9338716701521635,
related,1,rrr,multi,output_0,150,0.6086677967300637,0.3704764867762301,0.3703539923891368,0.7077556037258775,0.9009976479163494,
related,1,rrr,multi,output_1,150,0.44939403576828735,0.20195499938410874,0.19484798554227656,0.8109825392790078,1.0736612990045056,
related,1,rrr,multi,output_2,150,0.4362538838375601,0.19031745116335536,0.18282075599724934,0.6486166874172231,0.8618586956282869,
related,1,rrr,multi,output_3,150,0.5085545416046092,0.2586277217866742,0.2497853302432077,0.749617930434816,0.9517644413451111,
related,1,lasso,single,output_0,150,0.6325301454247291,0.4000943848710289,0.40008369060220716,0.6964320861022149,0.8794694634853792,
related,1,lasso,single,output_1,150,0.4809104366626396,0.2312748480910507,0.2307989308515601,0.7990168102270065,1.049417486445754,
related,1,lasso,single,output_2,150,0.49598328838675226,0.24599942235893626,0.2437712840300864,0.6227671616089596,0.8290944089471861,
related,1,lasso,single,output_3,150,0.5329993621016089,0.28408832000072204,0.2786886901917335,0.749889702448859,0.933250153454513,
related,1,mtlasso,multi,output_0,150,0.6371658531703435,0.4059803244462917,0.4040562303984906,0.6896716669655044,0.8765527813341207,
related,1,mtlasso,multi,output_1,150,0.48902263215853414,0.239143134763261,0.23907425626319367,0.7901826018548503,1.043757227303333,
related,1,mtlasso,multi,output_2,150,0.4863451837790447,0.23653163778507275,0.23640888541463712,0.6269001881717535,0.8331205311639696,
related,1,mtlasso,multi,output_3,150,0.5480991641926259,0.30041269378865515,0.3003569383219826,0.7429973588743394,0.9191258168173579,
related,1,pls1,single,output_0,150,0.6304775414720828,0.39750193030068187,0.3905652571101733,0.7050070417290613,0.8864189558443,
related,1,pls1,single,output_1,150,0.44478535668503955,0.19783401352143784,0.1824353749422054,0.8117394001838181,1.08190568509822,
related,1,pls1,single,output_2,150,0.43874687166736254,0.1924988173978971,0.1761954451823352,0.6595214461762641,0.8653454182690064,
related,1,pls1,single,output_3,150,0.5286832938392084,0.2795060251846748,0.257423395505083,0.7542076063822125,0.9469070069532931,
related,1,pls2,multi,output_0,150,0.6022664469859872,0.3627248731651249,0.35421576295938617,0.7236581708756326,0.9124711673102754,
related,1,pls2,multi,output_1,150,0.45255929370022,0.204809914314442,0.19113038699944396,0.8114997730808121,1.0761371326553695,
related,1,pls2,multi,output_2,150,0.4560539209721066,0.20798517883403247,0.19801919969071702,0.6441294672143988,0.8538063683255086,
related,1,pls2,multi,output_3,150,0.5175491972548899,0.26785717157918093,0.2437473918702222,0.7540007254768538,0.9555867996760682,
related,2,gp,single,output_0,150,0.8247368392092541,0.680190853948871,0.6787427608396653,0.4829653429405937,0.6140797739816991,0.9216428486742738
related,2,gp,single,output_1,150,0.7893752077264706,0.6231132185732087,0.6224370219120312,0.5709866732526616,0.7137267412941994,1.094062739003594
related,2,gp,single,output_2,150,0.8239273613198036,0.6788562967314142,0.6783527867823065,0.4600538829845478,0.5876107916518705,0.9075613607702118
related,2,gp,single,output_3,150,0.9103514655247057,0.8287397907829794,0.8284602196285051,0.37094339720779385,0.48089132775933535,0.6704029387252469
related,2,mtgp,multi,output_0,150,0.8418133313044847,0.708649684761954,0.7069293721615443,0.4713432173548381,0.5865222327703973,0.8799427814937278
related,2,mtgp,multi,output_1,150,0.7982294720900198,0.6371702901131118,0.6370838055309123,0.5598035766872268,0.6997460272029723,1.0315692261166582
related,2,mtgp,multi,output_2,150,0.8440361494670259,0.7123970216071236,0.7121417083033894,0.43992819562162727,0.555890482560358,0.8456323525621308
related,2,mtgp,multi,output_3,150,0.9150205822656416,0.8372626659697538,0.8363546313325968,0.3664854281729196,0.4696954788198331,0.6534939176699354
related,2,mtgp_corr,multi,output_0,150,0.8412629651542299,0.7077233765400871,0.7056864715315225,0.47084777475103495,0.587764625414054,0.8835874511081806
related,2,mtgp_corr,multi,output_1,150,0.7986007389588607,0.6377631402656384,0.6377049565134001,0.5571472801429498,0.6991469438895355,1.0308262788913032
related,2,mtgp_corr,multi,output_2,150,0.8428697124705481,0.7104293522001844,0.7101220840358948,0.4420438668389098,0.5578371480039463,0.8488107277097579
related,2,mtgp_corr,multi,output_3,150,0.9158642373679765,0.8388073012896252,0.8375328409534286,0.36583476517150376,0.4680015738020742,0.64645809412522
related,2,ridge,single,output_0,150,-0.13270489486555476,0.017610589121277942,-0.10039928083168537,0.9040266068213081,1.1365105741162222,
related,2,ridge,single,output_1,150,0.6164415715057698,0.38000021108050314,0.37994261401850027,0.7108023186814815,0.9146463589646874,
related,2,ridge,single,output_2,150,0.6206075649300952,0.3851537496484623,0.38385124376751656,0.6637384020485558,0.8132847984161793,
related,2,ridge,single,output_3,150,0.5670409615684271,0.3215354520964464,0.3177757199325877,0.7332860198992026,0.9590209758238892,
related,2,rrr,multi,output_0,150,-0.028355971927342377,0.0008040611439442289,-0.14915590469087436,0.9261242301834908,1.161416009582666,
related,2,rrr,multi,output_1,150,0.6208644471531586,0.38547266173879724,0.385455070293241,0.702744626273614,0.9105715714594509,
related,2,rrr,multi,output_2,150,0.6129603415731445,0.375720380341466,0.3732681803665643,0.6704493788310022,0.820239612140505,
related,2,rrr,multi,output_3,150,0.5625632794758652,0.31647744341464035,0.31325700195924844,0.7375102564712633,0.962191775585251,
related,2,lasso,single,output_0,150,-0.1851151180530279,0.03426760693178646,-0.12158263643493594,0.9115828393578109,1.1473976879737628,
related,2,lasso,single,output_1,150,0.6268704081318197,0.39296650859135424,0.3892715016708286,0.707726039054999,0.9077397638372794,
related,2,lasso,single,output_2,150,0.6537815283628019,0.4274302868284011,0.42306421624019086,0.6369794811544224,0.786979835712394,
related,2,lasso,single,output_3,150,0.5681887376999053,0.32283844164901176,0.31879765113773406,0.7395362836108138,0.958302428580152,
related,2,mtlasso,multi,output_0,150,0.010969182857741575,0.00012032297256657162,-0.07893023086377648,0.9081339297325669,1.1253691686587237,
related,2,mtlasso,multi,output_1,150,0.629660255404989,0.396472037236676,0.39371536904035886,0.707649542144896,0.9044312233755905,
related,2,mtlasso,multi,output_2,150,0.6415737337874955,0.41161685588602814,0.40920878694940543,0.6418938291649522,0.7963736471412555,
related,2,mtlasso,multi,output_3,150,0.5702257452045312,0.3251574004940629,0.324189998698319,0.7401869803502247,0.9545019669144662,
related,2,pls1,single,output_0,150,-0.11612238706257895,0.013484408777111403,-0.20316678642344144,0.9579127655794047,1.1883961855276697,
related,2,pls1,single,output_1,150,0.6221205675811691,0.38703400060751597,0.38153246057666623,0.7032643502748446,0.9134730154037571,
related,2,pls1,single,output_2,150,0.6132649380469601,0.37609388423774187,0.3654047422125125,0.666273698051316,0.8253692368734058,
related,2,pls1,single,output_3,150,0.5659093021501667,0.3202533382600886,0.30135359015544394,0.7471083036052937,0.9704948524306474,
related,2,pls2,multi,output_0,150,-0.024198443590794563,0.0005855646722168665,-0.1858638379906128,0.9486161570615173,1.1798199749354725,
related,2,pls2,multi,output_1,150,0.6177137232406608,0.3815702438798396,0.3741325156383971,0.7111375570756919,0.918921603974313,
related,2,pls2,multi,output_2,150,0.6134901417192079,0.3763701539866538,0.36409909046298516,0.670949713934348,0.8262178809837675,
related,2,pls2,multi,output_3,150,0.5623426845252028,0.3162292948390117,0.2966029788957978,0.7469368819274524,0.9737888168680263,
related_small,0,gp,single,output_0,60,0.6699371238768357,0.4488157499483667,0.4451531961532871,0.5344505527991879,0.7887191507861082,1.3131969153958998
related_small,0,gp,single,output_1,60,0.7549928952495286,0.5700142718772657,0.5594713717764157,0.5416140609853638,0.7528414771712272,1.6634443772499405
related_small,0,gp,single,output_2,60,0.8572809013044808,0.7349305437414229,0.7310344666182308,0.5079115718634835,0.6209736478446779,1.0359996185562146
related_small,0,gp,single,output_3,60,0.709428875198707,0.5032893289657026,0.49637738986282165,0.7064852910817428,0.9043629899783043,1.498912797373867
related_small,0,mtgp,multi,output_0,60,0.7384030307548524,0.5452390358279514,0.5428040845703848,0.5109395252856844,0.7159571202856473,0.988199824565637
related_small,0,mtgp,multi,output_1,60,0.8245986239039492,0.6799628905442867,0.6785788505445858,0.4788889678473371,0.6430632553960776,0.9114528698330427
related_small,0,mtgp,multi,output_2,60,0.8811869943940301,0.7764905190891845,0.7737758399604364,0.4577907054371826,0.5695008114850066,0.8923565152945429
related_small,0,mtgp,multi,output_3,60,0.8395871556098574,0.7049065918650509,0.7016167288009394,0.5192900849491069,0.6961092530868642,0.996021590912449
related_small,0,mtgp_corr,multi,output_0,60,0.6451146894856465,0.4161729625901622,0.4027903256710169,0.5490428529503848,0.8182749548972507,1.219900460359974
related_small,0,mtgp_corr,multi,output_1,60,0.8240987306666782,0.6791387178864301,0.676244519262857,0.47862198691502383,0.6453941646101583,0.9755457552222585
related_small,0,mtgp_corr,multi,output_2,60,0.8789490375203906,0.7725514105580209,0.7717244623840521,0.4636826303535188,0.5720770719429575,0.9113153783752476
related_small,0,mtgp_corr,multi,output_3,60,0.8346421257298965,0.6966274780429204,0.6964618514414652,0.5218496539894554,0.7020965058534155,1.0496656057193554
related_small,0,ridge,single,output_0,60,0.2182438115513798,0.04763036128047418,0.047257998171141624,0.7851116416047573,1.0335309761359468,
related_small,0,ridge,single,output_1,60,0.1080618534449059,0.011677364169948322,-0.017148552145157314,0.9171655649950862,1.143954266552674,
related_small,0,ridge,single,output_2,60,0.1140416983018595,0.013005508951572346,-0.02300486796522616,0.999579656894668,1.2110545486973812,
related_small,0,ridge,single,output_3,60,-0.2641104065387182,0.069754306842047,-0.039165085837504554,1.0110266734379127,1.2990696743094987,
related_small,0,rrr,multi,output_0,60,0.1886752097924891,0.03559833479023978,0.025771709900478945,0.7791855112047454,1.0451201234166316,
related_small,0,rrr,multi,output_1,60,0.10658886362785909,0.011361185849478343,-0.01851297528330642,0.925301394351758,1.144721270832995,
related_small,0,rrr,multi,output_2,60,0.1302477459621277,0.016964475328214955,-0.011003233258326084,1.0090371200833579,1.2039296972765088,
related_small,0,rrr,multi,output_3,60,-0.21455969931219088,0.04603586456893776,-0.11710772418129567,1.024755828043729,1.346907274914457,
related_small,0,lasso,single,output_0,60,-0.014410763934127028,0.00020767011716513629,-0.020541725101497876,0.8368476804954634,1.0696734697932302,
related_small,0,lasso,single,output_1,60,-0.029597300794385148,0.0008760002143133117,-0.11120633056570783,0.9360906947859333,1.1956768568371523,
related_small,0,lasso,single,output_2,60,0.09725545131608933,0.009458622810696222,-0.03593459569065116,0.9944852504631964,1.2186837590388564,
related_small,0,lasso,single,output_3,60,-0.2329324505342086,0.05425752651187154,-0.038176835867262726,1.0179072615709637,1.2984518172645971,
related_small,0,mtlasso,multi,output_0,60,0.0986631748351279,0.009734422068547017,0.008091803717290125,0.828569743939808,1.054560696495005,
related_small,0,mtlasso,multi,output_1,60,-0.03982931295596782,0.0015863741705444258,-0.03637845273275486,0.9465202133905758,1.1547172596670843,
related_small,0,mtlasso,multi,output_2,60,0.06257001728598725,0.0039150070631687435,-0.0074330935819098,0.9863449736520609,1.2018021084163355,
related_small,0,mtlasso,multi,output_3,60,-0.24524090214711938,0.06014310008593298,-0.06142886058808794,1.0136480184214745,1.3129119985109157,
related_small,0,pls1,single,output_0,60,0.18009471044401076,0.03243410472991208,-0.020423489644840975,0.7776497331400886,1.0696115041766188,
related_small,0,pls1,single,output_1,60,0.03376331456291172,0.0011399614102741266,-0.16699894062782472,0.9507870281829771,1.225326146311963,
related_small,0,pls1,single,output_2,60,0.06491562334227752,0.004214038153916445,-0.14635795234123328,1.0402469973532853,1.2819910081994466,
related_small,0,pls1,single,output_3,60,-0.23755761160302483,0.0564336188305336,-0.03174391059217507,1.0098738595957213,1.2944227237656731,
related_small,0,pls2,multi,output_0,60,0.07440468379255721,0.005536056970270426,-0.06096603220516217,0.8218179626719821,1.0906529580010331,
related_small,0,pls2,multi,output_1,60,0.015281517697690837,0.00023352478314483827,-0.18001886735777828,0.9598423916637793,1.2321425215549657,
related_small,0,pls2,multi,output_2,60,0.037753634478692844,0.001425336916350745,-0.14578328111955807,1.0511364252905882,1.281669635764827,
related_small,0,pls2,multi,output_3,60,-0.23007406321042165,0.05293407456215309,-0.19649953458133784,1.0421342242805844,1.3939475672890365,
related_small,1,gp,single,output_0,60,0.6901208897670346,0.47626684249284346,0.36581401046784157,0.7595061404352498,0.9665750670708066,3.1391613241230374
related_small,1,gp,single,output_1,60,0.777571035981949,0.6046167159980415,0.5992651971783454,0.6080889630006923,0.7334815163607087,1.8579644213771864
related_small,1,gp,single,output_2,60,0.864450427144241,0.7472745409898608,0.7466423168085841,0.49265772203294583,0.6319703012539375,1.0180563206376478
related_small,1,gp,single,output_3,60,0.6531537620692506,0.4266098369052152,0.3598023548646453,0.7525677370736723,0.9262156532049557,1.6123413957441186
related_small,1,mtgp,multi,output_0,60,0.7817738578709512,0.6111703648504302,0.5776120626917584,0.6353180732875736,0.7888292756038542,1.7687491619987372
related_small,1,mtgp,multi,output_1,60,0.7585017446215272,0.5753248965939005,0.5632183817034411,0.6380572622215418,0.7657602521581081,1.1733961330100986
related_small,1,mtgp,multi,output_2,60,0.866116097293305,0.7501570939905857,0.7473371145435614,0.49644915956282465,0.6311031616067521,0.9940092310327547
related_small,1,mtgp,multi,output_3,60,0.6703376787439591,0.4493526035438393,0.3958166724669866,0.692619316114095,0.8997864495619354,1.3516478230425788
related_small,1,mtgp_corr,multi,output_0,60,0.7888486412488597,0.6222821788001721,0.5934787626590692,0.6378516681213021,0.7738715590707689,1.5805040408289226
related_small,1,mtgp_corr,multi,output_1,60,0.7614797357454844,0.5798513879510128,0.5700936126500367,0.6453925892851483,0.7597095613643265,1.1855736713530656
related_small,1,mtgp_corr,multi,output_2,60,0.8172796397377174,0.6679460095298132,0.6592310222271726,0.5768495262305857,0.73292520271843,1.2475082834759077
related_small,1,mtgp_corr,multi,output_3,60,0.6980272808334524,0.4872420847877435,0.46619382489260974,0.6649293903081088,0.8457594848471865,1.2398827538332884
related_small,1,ridge,single,output_0,60,0.6344969746226465,0.40258641080529134,0.37690677368367675,0.7823328656825811,0.9580844282060158,
related_small,1,ridge,single,output_1,60,0.5221246683885638,0.27261416933986765,0.2710170214051695,0.7785992325469189,0.9892802464637996,
related_small,1,ridge,single,output_2,60,0.049586869078320876,0.0024588575849905352,-0.08511756694259431,1.14161801982657,1.3078803872716955,
related_small,1,ridge,single,output_3,60,0.6042077948318069,0.3650670593355148,0.3514897657378593,0.7340348186127067,0.932209441702638,
related_small,1,rrr,multi,output_0,60,0.6398953081777196,0.40946600542785866,0.3957948707146107,0.7766454645881029,0.9434512636393491,
related_small,1,rrr,multi,output_1,60,0.5168454363333801,0.26712920505864207,0.25352279513688936,0.7918417540209811,1.001080307944298,
related_small,1,rrr,multi,output_2,60,0.20234599529788283,0.04094390181309082,-0.020547627277292646,1.0842605132856307,1.268370897670605,
related_small,1,rrr,multi,output_3,60,0.5484743621448774,0.30082412593023017,0.25786700016756436,0.7679939769604148,0.9972314164762007,
related_small,1,lasso,single,output_0,60,0.6721562314032881,0.4517939994142705,0.4364824640472723,0.750122946787514,0.9111313379089383,
related_small,1,lasso,single,output_1,60,0.5599350581387476,0.3135272693328426,0.31266065427358114,0.7377814486467635,0.9606081036367735,
related_small,1,lasso,single,output_2,60,0.040246117788062225,0.0016197499970105787,-0.007032635148480182,1.0929373281056658,1.2599444638577915,
related_small,1,lasso,single,output_3,60,0.6267739726418473,0.39284561278124314,0.3927460524919305,0.7049678508185082,0.9020700285364609,
related_small,1,mtlasso,multi,output_0,60,0.7001476288137253,0.49020670213348205,0.49003225310695275,0.7118791292386557,0.8667595222244262,
related_small,1,mtlasso,multi,output_1,60,0.5074370461311288,0.2574923557862854,0.25670593737210146,0.7939350031180479,0.9989436148742795,
related_small,1,mtlasso,multi,output_2,60,0.17782789027246068,0.031622758558754314,-0.01005773060159254,1.0968547703705924,1.2618354622501606,
related_small,1,mtlasso,multi,output_3,60,0.6204377049848374,0.3849429457668521,0.38412505753156256,0.7089888159383686,0.9084506658376436,
related_small,1,pls1,single,output_0,60,0.6192306986047201,0.38344665809448975,0.2988827153870601,0.8254669598515666,1.0163015865029694,
related_small,1,pls1,single,output_1,60,0.49195415907076956,0.24201889462702803,0.20603646196101677,0.8213742605354579,1.0324307297247255,
related_small,1,pls1,single,output_2,60,-0.007617397086691089,5.802473837632989e-05,-0.1288299499290504,1.153806591632676,1.3339633319330664,
related_small,1,pls1,single,output_3,60,0.5823963101645001,0.3391854620932246,0.28425521381778174,0.7723046791145235,0.9793415416164076,
related_small,1,pls2,multi,output_0,60,0.6048421334008096,0.36583400633684277,0.3325758518787918,0.8019064043600002,0.991581063918065,
related_small,1,pls2,multi,output_1,60,0.4820771623440805,0.23239839045372093,0.21392445640614466,0.8138690819388688,1.0272893500056155,
related_small,1,pls2,multi,output_2,60,0.198666106848915,0.03946822201050451,0.005499364680347285,1.079635273638837,1.2520802424154087,
related_small,1,pls2,multi,output_3,60,0.5182713553868384,0.2686051978145106,0.2134276730519601,0.789183902217573,1.0266547285086745,
related_small,2,gp,single,output_0,60,0.7122291723695453,0.5072703939742075,0.46013144277703444,0.6242088822551242,0.7676590291565913,1.8575414614997612
related_small,2,gp,single,output_1,60,0.1963253581653105,0.03854364625873745,-0.20225867847358936,0.7095883967949398,0.9452990810240405,2.055936340084644
related_small,2,gp,single,output_2,60,0.29804655744102865,0.0888317504024484,-0.03303102263223834,0.6006028143493617,0.712390157443846,1.3243781709758298
related_small,2,gp,single,output_3,60,0.7388509646662608,0.5459007479882642,0.5336094271053394,0.5925156060009158,0.7249880750338248,2.401847615707044
related_small,2,mtgp,multi,output_0,60,0.7784728136061239,0.6060199215238349,0.599521523675587,0.48502104277444613,0.6611712113179421,1.0320536625336822
related_small,2,mtgp,multi,output_1,60,0.3673496603516341,0.13494577296046092,0.07722307631276171,0.6206894199828207,0.8281683670169463,1.408279402563502
related_small,2,mtgp,multi,output_2,60,0.5723366586490163,0.32756925083352056,0.31379986547672967,0.4542942684139183,0.5806128295321668,0.9224383809207624
related_small,2,mtgp,multi,output_3,60,0.8000511622575139,0.6400818622295988,0.63887049066741,0.5133530147538348,0.6379512170546158,0.9696794590791801
related_small,2,mtgp_corr,multi,output_0,60,0.7450764980427224,0.5551389879356069,0.5434172527554071,0.5351747154260784,0.705966501082409,1.1565592346063869
related_small,2,mtgp_corr,multi,output_1,60,0.3818071223334114,0.1457766786645206,0.06836867647144496,0.6431986538364829,0.8321321783023727,1.3747547631791843
related_small,2,mtgp_corr,multi,output_2,60,0.47612386761956166,0.22669393731700987,0.19122368482906726,0.4930129986254123,0.6303408323461851,1.0153913498451614
related_small,2,mtgp_corr,multi,output_3,60,0.7987313261348331,0.6379717313491091,0.6314254703345117,0.5142884678869032,0.6444936480087892,1.0094458972559168
related_small,2,ridge,single,output_0,60,0.8071397464751996,0.6514745703400495,0.6509270862263846,0.4787630269659621,0.6172803054845705,
related_small,2,ridge,single,output_1,60,-0.1828691182117737,0.03344111439555167,-0.12283858398512582,0.7143591886312064,0.9135428844582355,
related_small,2,ridge,single,output_2,60,0.21549541890596063,0.046438275569455456,-0.016237012059717282,0.5801649515818232,0.7065757573037075,
related_small,2,ridge,single,output_3,60,0.7566250223839147,0.5724814244974594,0.5712825828750179,0.5592846874487669,0.6950908077018352,
related_small,2,rrr,multi,output_0,60,0.8174438260536888,0.6682144087532934,0.6669386150139845,0.47904293566306433,0.602957202290505,
related_small,2,rrr,multi,output_1,60,-0.1292981856000604,0.016718020799467666,-0.2559187065997963,0.7268580278598579,0.9661644196377576,
related_small,2,rrr,multi,output_2,60,0.08823394148629617,0.0077852284302071355,-0.14262839782957415,0.617255169807853,0.7492275443986499,
related_small,2,rrr,multi,output_3,60,0.7884885141112966,0.6217141368854404,0.6204528285485238,0.542862786686291,0.6540167346958203,
related_small,2,lasso,single,output_0,60,0.8107202236488319,0.657267281033212,0.6546975895827573,0.4761844399534967,0.6139374843415382,
related_small,2,lasso,single,output_1,60,-0.1659017500397516,0.027523390666252222,-0.2518088843147084,0.7530029381847356,0.9645823037676797,
related_small,2,lasso,single,output_2,60,0.5322519450805181,0.28329213304199485,0.27451194126389544,0.4809206080539642,0.5970027928685612,
related_small,2,lasso,single,output_3,60,0.7882295371104538,0.6213058031733604,0.618704652586491,0.5153735707742888,0.6555211890897895,
related_small,2,mtlasso,multi,output_0,60,0.8082909867961561,0.6533343193359038,0.6287460727551808,0.49356713019365217,0.6365900900117221,
related_small,2,mtlasso,multi,output_1,60,0.03425837014150797,0.0011736359247525648,-0.15771811712916683,0.7262448651456375,0.9276233885544919,
related_small,2,mtlasso,multi,output_2,60,0.4809292917759666,0.2312929836881328,0.2253342460599973,0.4908172784186774,0.6169051662287479,
related_small,2,mtlasso,multi,output_3,60,0.8002852718589586,0.6404565163543673,0.619031464353915,0.5105689987188062,0.6552402022319739,
related_small,2,pls1,single,output_0,60,0.8065976806726093,0.6505998184664326,0.645962229253762,0.47995868949415665,0.6216545891956207,
related_small,2,pls1,single,output_1,60,-0.15710597750148284,0.02468228816669643,-0.1946417160160514,0.7350422620662104,0.9422998311634072,
related_small,2,pls1,single,output_2,60,0.08230449423886539,0.0067740297719154265,-0.27057181236529426,0.644345740823755,0.7900613867408498,
related_small,2,pls1,single,output_3,60,0.7667490279476313,0.5879040718586376,0.5771838789697987,0.5546274375587174,0.6902902674250947,
related_small,2,pls2,multi,output_0,60,0.7952208535581081,0.632376205933686,0.6316466399547263,0.5040659834775949,0.6340984085376504,
related_small,2,pls2,multi,output_1,60,-0.10209197680048664,0.010422771727031101,-0.359521648788762,0.7556345853835893,1.0052251346297287,
related_small,2,pls2,multi,output_2,60,0.2466325109997046,0.06082759548201941,-0.06920082790331228,0.5885292156112454,0.724754418544953,
related_small,2,pls2,multi,output_3,60,0.762805064817554,0.5818715669113127,0.5784631763926531,0.5677530569570858,0.689245184813119,
related_missing,0,gp,single,output_0,91,0.8823307059332344,0.7785074746326397,0.7750650324080255,0.5485874846786812,0.6818485373460097,1.2550080259623573
related_missing,0,gp,single,output_1,91,0.8197183605783939,0.6719381906693297,0.663680629901082,0.5057330337526238,0.624534535851065,1.0669027329769742
related_missing,0,gp,single,output_2,91,0.8120706355344385,0.6594587170973069,0.6498350854325657,0.5449788598320262,0.6818891816770569,1.1380937107422031
related_missing,0,gp,single,output_3,93,0.911498588972036,0.8308296776980125,0.8296700127148238,0.42891218714966833,0.5101757564435948,0.7606804635351998
related_missing,0,mtgp,multi,output_0,91,0.9078017578067579,0.8241040314770395,0.8238133158075507,0.4872308034345147,0.6034564965508645,0.9285051196830804
related_missing,0,mtgp,multi,output_1,91,0.8490584211453598,0.7209002025178511,0.7207692343900945,0.4501272713487051,0.56906536281847,0.8694029905244458
related_missing,0,mtgp,multi,output_2,91,0.8227665154599167,0.6769447389620534,0.6760116679575279,0.534904166500276,0.6559068565528698,1.0048577163455092
related_missing,0,mtgp,multi,output_3,93,0.9056782056108209,0.8202530121184364,0.8190084244262287,0.4305198305173199,0.5259003264873484,0.7657195184897152
related_missing,0,mtgp_corr,multi,output_0,91,0.9067324036011992,0.8221636517404081,0.8220644522119103,0.49125410866552743,0.6064441147294224,0.9395305725758104
related_missing,0,mtgp_corr,multi,output_1,91,0.8486695881740429,0.7202400698914996,0.7198525347686904,0.450682781688525,0.5699987029462553,0.8935985774616471
related_missing,0,mtgp_corr,multi,output_2,91,0.8173795733113964,0.6681093668667205,0.6661869455851379,0.544466737981783,0.6657775461226225,1.0334793983444528
related_missing,0,mtgp_corr,multi,output_3,93,0.8932761344347525,0.797942252350694,0.7962242386346399,0.45259037415267994,0.5580209733672776,0.8187841115034507
related_missing,0,ridge,single,output_0,91,0.7680069519817504,0.5898346782922986,0.58961461933152,0.7530556716589946,0.9209909583149646,
related_missing,0,ridge,single,output_1,91,0.8184506288801152,0.6698614319142561,0.6695760660549671,0.517787465467432,0.6190365151036641,
related_missing,0,ridge,single,output_2,91,0.7052129201742601,0.4973252627807073,0.4971796928278659,0.657926758151271,0.8171163307900666,
related_missing,0,ridge,single,output_3,93,0.538281638993782,0.2897471228778323,0.28859108781694487,0.8846473255808542,1.0426388682621917,
related_missing,0,rrr,multi,output_0,91,0.5736919877041171,0.3291224967559009,0.037292279079423896,1.1365438965470887,1.4106090096174089,
related_missing,0,rrr,multi,output_1,91,0.5899279378757157,0.3480149718862943,0.20947030290142,0.7776382011659163,0.9575018316205144,
related_missing,0,rrr,multi,output_2,91,0.5309972786198547,0.28195810990169157,-0.0031138934580730027,0.9008084921769437,1.1541243623472144,
related_missing,0,rrr,multi,output_3,93,0.39918736105498526,0.15935054922604316,-0.7151971892364082,1.2336146384005302,1.6189419932514937,
related_missing,0,lasso,single,output_0,91,0.777694311478727,0.6048084421063713,0.6033723909076713,0.719858255138118,0.9054216958904565,
related_missing,0,lasso,single,output_1,91,0.826138700030548,0.6825051516881638,0.6823902160704576,0.5102066615152182,0.6069144181587652,
related_missing,0,lasso,single,output_2,91,0.744636482285121,0.5544834907499594,0.550758448702739,0.608999332202955,0.7723558582197764,
related_missing,0,lasso,single,output_3,93,0.5936975757863333,0.352476811494569,0.3449243027509421,0.8573371215321877,1.00050670620442,
related_missing,0,mtlasso,multi,output_0,91,0.6434239721928571,0.41399440799243453,0.38658382803683244,0.8977551317848421,1.1259964898404817,
related_missing,0,mtlasso,multi,output_1,91,0.7227321987798494,0.5223418311531558,0.5074766096215138,0.6070136944755822,0.7557774832856003,
related_missing,0,mtlasso,multi,output_2,91,0.5672376042194575,0.32175849964062986,0.26377969477864416,0.7239088110865246,0.9887383547660875,
related_missing,0,mtlasso,multi,output_3,93,0.534526338372465,0.2857184064138749,0.07377662316191858,0.9015150759700972,1.1896853921852057,
related_missing,0,pls1,single,output_0,91,0.7721954935941591,0.5962858803271269,0.5896872391302102,0.7315516044202234,0.9209094676720386,
related_missing,0,pls1,single,output_1,91,0.8220501806564257,0.6757664995172621,0.6725566242005208,0.5026655403646798,0.6162382098960099,
related_missing,0,pls1,single,output_2,91,0.6792827072025622,0.4614249963044419,0.45850509508463,0.6770992887296767,0.847958646795969,
related_missing,0,pls1,single,output_3,93,0.5176564125208912,0.2679681614239991,0.2207136843101153,0.8913707732526437,1.0912463023456656,
related_missing,0,pls2,multi,output_0,91,0.46419353860476986,0.21547564128241797,-0.0021466917759160875,1.1702681668299262,1.4392130042990938,
related_missing,0,pls2,multi,output_1,91,0.5113685352232421,0.2614977788163642,0.22073565929131023,0.7837910945784207,0.9506549642599191,
related_missing,0,pls2,multi,output_2,91,0.4568918120559545,0.20875012792377368,-0.03886625743430905,0.9278895011513942,1.1745115883177821,
related_missing,0,pls2,multi,output_3,93,0.339693154710569,0.11539143935721856,-0.40192288889493,1.1504552543490545,1.4636469204276572,
related_missing,1,gp,single,output_0,93,0.5217485551858859,0.2722215548385594,0.24808257555881352,0.6706861276267032,0.9339850337765229,1.2972496476068183
related_missing,1,gp,single,output_1,82,0.7419903694200213,0.5505497083120596,0.5304483163698372,0.5982932941719559,0.7634729389650107,1.8296555582700538
related_missing,1,gp,single,output_2,87,0.6983297041479013,0.48766437569529536,0.48541879186654535,0.5773834776381819,0.7563045105853484,1.092022505260787
related_missing,1,gp,single,output_3,90,0.667794770161001,0.4459498550543841,0.42704063366689904,0.6717375422705243,0.8461148000377993,1.2267323879872276
related_missing,1,mtgp,multi,output_0,93,0.8429849156043615,0.7106235679364925,0.6918554816823677,0.4447067060329404,0.5979048355616278,0.8057857765640883
related_missing,1,mtgp,multi,output_1,82,0.788840098499077,0.6222687010000335,0.6037188550757697,0.5043329334800715,0.7013804425272588,0.9249989098625641
related_missing,1,mtgp,multi,output_2,87,0.7074103309405088,0.5004293763213601,0.49783916488975977,0.5557852610586042,0.7471213520661896,1.0558526500208627
related_missing,1,mtgp,multi,output_3,90,0.8152168667545574,0.6645785398411178,0.6600358491414615,0.5360341368658832,0.6517543547359167,1.0515301266466857
related_missing,1,mtgp_corr,multi,output_0,93,0.6672098179302531,0.44516894114252153,0.44383105298266945,0.6281358256321848,0.8032638289757282,1.1988106888915604
related_missing,1,mtgp_corr,multi,output_1,82,0.8206770670037493,0.6735108483058765,0.659509288478729,0.4934382872571952,0.650136549081203,0.9598233835937527
related_missing,1,mtgp_corr,multi,output_2,87,0.77633808814749,0.6027008271084998,0.5939531099740571,0.5519698344129342,0.671827572317814,1.015629413517095
related_missing,1,mtgp_corr,multi,output_3,90,0.6384903538812811,0.4076699319994435,0.4035912065587537,0.7072334068246328,0.8632555894904712,1.294072491342843
related_missing,1,ridge,single,output_0,93,0.5800248828469253,0.33642886472158945,0.3363814567679604,0.6737580743483671,0.8774332727206648,
related_missing,1,ridge,single,output_1,82,0.3991748424017545,0.15934055480646553,0.15736053988728016,0.8185168029594254,1.0227579021008815,
related_missing,1,ridge,single,output_2,87,0.4765092767480917,0.22706109082698941,0.22536740986252402,0.6714973114191893,0.927935119335212,
related_missing,1,ridge,single,output_3,90,0.5211754545339562,0.2716238544086758,0.25271521662796914,0.7689352831186964,0.9662965957164795,
related_missing,1,rrr,multi,output_0,93,0.060802380465017104,0.0036969294702126937,-0.17229878058602743,0.881435448975937,1.166202583677214,
related_missing,1,rrr,multi,output_1,82,0.36129484272999035,0.13053396338328846,0.04624816945628185,0.9000850188963067,1.0881020773966306,
related_missing,1,rrr,multi,output_2,87,0.10647715941066763,0.011337385476164726,-0.02440925722990195,0.799191454990474,1.067103333485316,
related_missing,1,rrr,multi,output_3,90,0.3718800779702136,0.13829479239113215,-0.017639541851099505,0.9131243992653212,1.127624145948875,
related_missing,1,lasso,single,output_0,93,0.6281769621367481,0.39460629575935346,0.3911088454785634,0.6581609698447501,0.8404747586711125,
related_missing,1,lasso,single,output_1,82,0.4304463017848231,0.18528401872023104,0.18525804168524262,0.8013747083058028,1.005685036822173,
related_missing,1,lasso,single,output_2,87,0.5402125814303669,0.29182963313566074,0.2903167801422344,0.6509121762329831,0.8881820618744687,
related_missing,1,lasso,single,output_3,90,0.5406004588181177,0.29224885607435935,0.2697055714039026,0.7695975265127348,0.9552485205148735,
related_missing,1,mtlasso,multi,output_0,93,0.1462152242630549,0.021378891806295434,-0.04748895750637838,0.8425337208802396,1.1023755424681991,
related_missing,1,mtlasso,multi,output_1,82,0.34044412910171107,0.11590220503982251,0.058401058752261314,0.8904711887534762,1.0811474490737807,
related_missing,1,mtlasso,multi,output_2,87,0.5128874778591028,0.2630535649446717,0.15561555149339035,0.7064751856267207,0.9688127427485967,
related_missing,1,mtlasso,multi,output_3,90,0.288125092576118,0.08301606897199658,-0.033301391861277674,0.8879530738129009,1.1362682907238506,
related_missing,1,pls1,single,output_0,93,0.5892211334322607,0.34718154408319796,0.33589526336559805,0.6772544878895376,0.8777546351695539,
related_missing,1,pls1,single,output_1,82,0.4009498249939176,0.16076076216265317,0.12728683299427668,0.8199149872199376,1.040848957114662,
related_missing,1,pls1,single,output_2,87,0.4990154816953544,0.2490164509716466,0.2261927978436944,0.6888046985925081,0.9274406199842546,
related_missing,1,pls1,single,output_3,90,0.5066987291846612,0.25674360215735065,0.2089938604578392,0.7729029508528011,0.9941623392024526,
related_missing,1,pls2,multi,output_0,93,0.23811195618700065,0.05669730367920012,-0.001054984088780353,0.8241694320752982,1.077665075745324,
related_missing,1,pls2,multi,output_1,82,0.15649474532145816,0.02449060531322805,-0.0934086612218401,0.9462374407020441,1.1650463458978504,
related_missing,1,pls2,multi,output_2,87,0.20320101708847305,0.041290653345789914,0.03846520291506683,0.7683045774355236,1.0338373835196912,
related_missing,1,pls2,multi,output_3,90,0.1453368303257154,0.021122794249125786,-0.08905807488914563,0.8888511604250721,1.1665219086041878,
related_missing,2,gp,single,output_0,86,0.7231281024350932,0.5229142525313786,0.4798710238936653,0.6147353085262472,0.7720755743174463,1.2462706954521714
related_missing,2,gp,single,output_1,90,0.7211851707401228,0.52010805049546,0.5097282422738021,0.7165259557207467,0.847934250646115,1.302309129578851
related_missing,2,gp,single,output_2,84,0.8178128304996933,0.6688178257299201,0.663264795945442,0.5163534698001288,0.6228857294668415,0.995122740625619
related_missing,2,gp,single,output_3,82,0.8458841606384409,0.7155200132189996,0.7146601480890826,0.4521670643580557,0.5979869526660295,0.8995627572545569
related_missing,2,mtgp,multi,output_0,86,0.7763970925935775,0.6027924453877601,0.5986263615296279,0.5261315223474171,0.6782326791478909,1.0131860315984904
related_missing,2,mtgp,multi,output_1,90,0.7416609747735443,0.550061001502044,0.5476415935569341,0.6463333832844411,0.8144887174286,1.1769027809396058
related_missing,2,mtgp,multi,output_2,84,0.8577901756143939,0.7358039853805727,0.735404201829295,0.4636048665784686,0.5521481122372555,0.8494624788413868
related_missing,2,mtgp,multi,output_3,82,0.84047013871398,0.7063900540698969,0.7057259955284717,0.4739719289450515,0.6072764535105748,0.9001929774549288
related_missing,2,mtgp_corr,multi,output_0,86,0.7712320554260242,0.5947988833166501,0.5894696969651099,0.542085962585246,0.6859254213085005,1.056069730804636
related_missing,2,mtgp_corr,multi,output_1,90,0.7295439903344809,0.5322344338331572,0.5271752589676946,0.6674942083161524,0.8327101083555354,1.2043280513972243
related_missing,2,mtgp_corr,multi,output_2,84,0.8558229000822685,0.7324328363052245,0.732203803869578,0.4701915960354293,0.5554773078276217,0.8709463951455698
related_missing,2,mtgp_corr,multi,output_3,82,0.8419059281517185,0.7088055918570065,0.7074165695274948,0.4789467689074741,0.6055295704844139,0.91674803620087
related_missing,2,ridge,single,output_0,86,-0.16199140160356848,0.02624121419348861,-0.04959809614451549,0.8600571951564288,1.0967706143054845,
related_missing,2,ridge,single,output_1,90,0.6058133605511182,0.3670098278222392,0.36687537412714455,0.7775044929338516,0.9635812552569257,
related_missing,2,ridge,single,output_2,84,0.6660845950997165,0.4436686878291533,0.4412257369058118,0.6704552147156286,0.8023841058406549,
related_missing,2,ridge,single,output_3,82,0.5063884980512183,0.25642931095856875,0.2533159614322821,0.7397752398942293,0.9673395099984277,
related_missing,2,rrr,multi,output_0,86,0.020198722387768406,0.0004079883860981366,-0.5040937335026376,1.0302241423651852,1.3129305072630013,
related_missing,2,rrr,multi,output_1,90,0.047963348466765164,0.0023004827961443444,-0.2122538676339032,1.059188330148022,1.3333388366389158,
related_missing,2,rrr,multi,output_2,84,0.1396413084963052,0.01949969503856028,-0.21810073898848237,0.931546990506724,1.1846927300779055,
related_missing,2,rrr,multi,output_3,82,0.19142285980152046,0.03664271125459256,-0.25535316551567266,0.9325441185580787,1.254276985602581,
related_missing,2,lasso,single,output_0,86,-0.1154689170888357,0.013333070813668415,-0.0688459712134113,0.8788658798114924,1.1067813976595575,
related_missing,2,lasso,single,output_1,90,0.6329507688516214,0.40062667578985867,0.39474258966195164,0.7703198816696646,0.9421364309751997,
related_missing,2,lasso,single,output_2,84,0.7202520022532476,0.5187629467498122,0.5124035684969388,0.6052441327785876,0.7495392491534105,
related_missing,2,lasso,single,output_3,82,0.4336979570163253,0.18809391792013436,0.17513664206979973,0.7925590344218745,1.0167203085135859,
related_missing,2,mtlasso,multi,output_0,86,-0.036014315822034966,0.001297030944129278,-0.2015381977882218,0.8601062435358482,1.1734729411029536,
related_missing,2,mtlasso,multi,output_1,90,0.019433501743080478,0.000377660989998312,-0.0827236495746766,0.988326243881545,1.2600928620850258,
related_missing,2,mtlasso,multi,output_2,84,0.06096264287170425,0.0037164438259029526,-0.0958536931652314,0.8660007821359191,1.1236741959972862,
related_missing,2,mtlasso,multi,output_3,82,0.02935562308606084,0.0008617526067708682,-0.22068553164464255,0.9558810667209877,1.2368367790173944,
related_missing,2,pls1,single,output_0,86,-0.14719106658985817,0.021665210083860062,-0.011087848126157374,0.861286606123995,1.0764620761150043,
related_missing,2,pls1,single,output_1,90,0.5924379265321578,0.35098269679372235,0.3417204527960118,0.7982866465829008,0.9825370157769923,
related_missing,2,pls1,single,output_2,84,0.6594001259940948,0.4348085261610281,0.4210299247791681,0.6676791651857343,0.8167557087780911,
related_missing,2,pls1,single,output_3,82,0.4736152945389018,0.2243114472211707,0.1789585605343995,0.7633980437835578,1.0143621399277583,
related_missing,2,pls2,multi,output_0,86,0.04793594123773375,0.0022978544623474635,-0.21625900930472408,0.8618811386399514,1.1806395403515122,
related_missing,2,pls2,multi,output_1,90,0.12822987964376104,0.01644290203345344,-0.09133250312100127,1.0243288438259304,1.265092511300111,
related_missing,2,pls2,multi,output_2,84,-0.16752082455783032,0.028063226660535366,-0.2820530134729502,0.9618886169710633,1.215394066962369,
related_missing,2,pls2,multi,output_3,82,0.16995900788136972,0.028886064360019496,-0.2930713329278223,0.9519118521840846,1.2729804512247411,
related_fill_in,0,gp,single,output_0,91,0.8823307059332344,0.7785074746326397,0.7750650324080255,0.5485874846786812,0.6818485373460097,1.2550080259623573
related_fill_in,0,gp,single,output_1,91,0.8197183605783939,0.6719381906693297,0.663680629901082,0.5057330337526238,0.624534535851065,1.0669027329769742
related_fill_in,0,gp,single,output_2,91,0.8120706355344385,0.6594587170973069,0.6498350854325657,0.5449788598320262,0.6818891816770569,1.1380937107422031
related_fill_in,0,gp,single,output_3,93,0.911498588972036,0.8308296776980125,0.8296700127148238,0.42891218714966833,0.5101757564435948,0.7606804635351998
related_fill_in,0,mtgp,multi,output_0,91,0.9170852493132454,0.8410453545079375,0.8410379556946967,0.47249839680061007,0.5731999523109172,0.8951850415356611
related_fill_in,0,mtgp,multi,output_1,91,0.8590500685325211,0.7379670202457291,0.7377650151835771,0.4413246679520553,0.5514750059069751,0.841748359535186
related_fill_in,0,mtgp,multi,output_2,91,0.8332382454967783,0.6942859737585494,0.6938891573339034,0.5220656748970941,0.6375538053914136,0.9747768221019621
related_fill_in,0,mtgp,multi,output_3,93,0.9151968149898905,0.8375852101676398,0.8369267300600967,0.414238441605252,0.4991897392898104,0.7207331355462028
related_fill_in,0,mtgp_corr,multi,output_0,91,0.9097720930819295,0.827685261350675,0.827620835231438,0.4856919404221854,0.5969003203611158,0.986713749090999
related_fill_in,0,mtgp_corr,multi,output_1,91,0.841798937396053,0.7086254510011241,0.7076112895894517,0.45884491027598795,0.5823188097208815,0.9622962993013163
related_fill_in,0,mtgp_corr,multi,output_2,91,0.8054804475511559,0.6487987513872104,0.6434572148798963,0.5606839051796988,0.6880710919680444,1.1270002086172781
related_fill_in,0,mtgp_corr,multi,output_3,93,0.9019101521596156,0.8134419225685809,0.8110310914763463,0.43269801611223657,0.5373650756244877,0.8645638614167698
related_fill_in,0,gp_augmented,single,output_0,91,0.8787705469900441,0.7722376742571813,0.7711202986125392,0.5807744978744132,0.6878014151244763,1.1210329973880797
related_fill_in,0,gp_augmented,single,output_1,91,0.782536917553355,0.6123640273339063,0.5995208562467202,0.5457588230653931,0.6815072347984388,1.297753264420032
related_fill_in,0,gp_augmented,single,output_2,91,0.7895151935453495,0.6233342408389506,0.6065452458365924,0.5861420398534759,0.7228112185272473,1.2563169077930803
related_fill_in,0,gp_augmented,single,output_3,93,0.8949172782088505,0.800876934836737,0.7995775475892997,0.45917595411402634,0.5534105652369342,0.8813178325651803
related_fill_in,0,ridge,single,output_0,91,0.7680069519817504,0.5898346782922986,0.58961461933152,0.7530556716589946,0.9209909583149646,
related_fill_in,0,ridge,single,output_1,91,0.8184506288801152,0.6698614319142561,0.6695760660549671,0.517787465467432,0.6190365151036641,
related_fill_in,0,ridge,single,output_2,91,0.7052129201742601,0.4973252627807073,0.4971796928278659,0.657926758151271,0.8171163307900666,
related_fill_in,0,ridge,single,output_3,93,0.538281638993782,0.2897471228778323,0.28859108781694487,0.8846473255808542,1.0426388682621917,
related_fill_in,0,rrr,multi,output_0,91,0.5736919877041171,0.3291224967559009,0.037292279079423896,1.1365438965470887,1.4106090096174089,
related_fill_in,0,rrr,multi,output_1,91,0.5899279378757157,0.3480149718862943,0.20947030290142,0.7776382011659163,0.9575018316205144,
related_fill_in,0,rrr,multi,output_2,91,0.5309972786198547,0.28195810990169157,-0.0031138934580730027,0.9008084921769437,1.1541243623472144,
related_fill_in,0,rrr,multi,output_3,93,0.39918736105498526,0.15935054922604316,-0.7151971892364082,1.2336146384005302,1.6189419932514937,
related_fill_in,0,lasso,single,output_0,91,0.777694311478727,0.6048084421063713,0.6033723909076713,0.719858255138118,0.9054216958904565,
related_fill_in,0,lasso,single,output_1,91,0.826138700030548,0.6825051516881638,0.6823902160704576,0.5102066615152182,0.6069144181587652,
related_fill_in,0,lasso,single,output_2,91,0.744636482285121,0.5544834907499594,0.550758448702739,0.608999332202955,0.7723558582197764,
related_fill_in,0,lasso,single,output_3,93,0.5936975757863333,0.352476811494569,0.3449243027509421,0.8573371215321877,1.00050670620442,
related_fill_in,0,mtlasso,multi,output_0,91,0.6434239721928571,0.41399440799243453,0.38658382803683244,0.8977551317848421,1.1259964898404817,
related_fill_in,0,mtlasso,multi,output_1,91,0.7227321987798494,0.5223418311531558,0.5074766096215138,0.6070136944755822,0.7557774832856003,
related_fill_in,0,mtlasso,multi,output_2,91,0.5672376042194575,0.32175849964062986,0.26377969477864416,0.7239088110865246,0.9887383547660875,
related_fill_in,0,mtlasso,multi,output_3,93,0.534526338372465,0.2857184064138749,0.07377662316191858,0.9015150759700972,1.1896853921852057,
related_fill_in,0,pls1,single,output_0,91,0.7721954935941591,0.5962858803271269,0.5896872391302102,0.7315516044202234,0.9209094676720386,
related_fill_in,0,pls1,single,output_1,91,0.8220501806564257,0.6757664995172621,0.6725566242005208,0.5026655403646798,0.6162382098960099,
related_fill_in,0,pls1,single,output_2,91,0.6792827072025622,0.4614249963044419,0.45850509508463,0.6770992887296767,0.847958646795969,
related_fill_in,0,pls1,single,output_3,93,0.5176564125208912,0.2679681614239991,0.2207136843101153,0.8913707732526437,1.0912463023456656,
related_fill_in,0,pls2,multi,output_0,91,0.46419353860476986,0.21547564128241797,-0.0021466917759160875,1.1702681668299262,1.4392130042990938,
related_fill_in,0,pls2,multi,output_1,91,0.5113685352232421,0.2614977788163642,0.22073565929131023,0.7837910945784207,0.9506549642599191,
related_fill_in,0,pls2,multi,output_2,91,0.4568918120559545,0.20875012792377368,-0.03886625743430905,0.9278895011513942,1.1745115883177821,
related_fill_in,0,pls2,multi,output_3,93,0.339693154710569,0.11539143935721856,-0.40192288889493,1.1504552543490545,1.4636469204276572,
related_fill_in,1,gp,single,output_0,93,0.5217485551858859,0.2722215548385594,0.24808257555881352,0.6706861276267032,0.9339850337765229,1.2972496476068183
related_fill_in,1,gp,single,output_1,82,0.7419903694200213,0.5505497083120596,0.5304483163698372,0.5982932941719559,0.7634729389650107,1.8296555582700538
related_fill_in,1,gp,single,output_2,87,0.6983297041479013,0.48766437569529536,0.48541879186654535,0.5773834776381819,0.7563045105853484,1.092022505260787
related_fill_in,1,gp,single,output_3,90,0.667794770161001,0.4459498550543841,0.42704063366689904,0.6717375422705243,0.8461148000377993,1.2267323879872276
related_fill_in,1,mtgp,multi,output_0,93,0.7971635621437732,0.6354697448097493,0.6178882696807613,0.48811033887609023,0.6658095615964383,0.9618852789862811
related_fill_in,1,mtgp,multi,output_1,82,0.7922015954625391,0.6275833678533924,0.618912913990294,0.49907437374352853,0.6878029959292369,0.9536259775746347
related_fill_in,1,mtgp,multi,output_2,87,0.6863940881567588,0.47113684425654845,0.4710475772065308,0.5659670263548071,0.7667928148976106,1.0728964289515668
related_fill_in,1,mtgp,multi,output_3,90,0.7295125088590634,0.5321885005818451,0.521946229351329,0.6096176163067161,0.772868761647332,1.196805335962509
related_fill_in,1,mtgp_corr,multi,output_0,93,0.7573041520316773,0.5735095786844179,0.5723767490478932,0.5467404486635024,0.7043451006814333,1.0861606868265745
related_fill_in,1,mtgp_corr,multi,output_1,82,0.8444331699522162,0.7130673785155485,0.7082049557976374,0.45890480961855823,0.6018536559925982,0.9144504034578423
related_fill_in,1,mtgp_corr,multi,output_2,87,0.8058696673122205,0.649425920693909,0.6492459548401471,0.49166238797801476,0.6244117595869539,0.9769497787673574
related_fill_in,1,mtgp_corr,multi,output_3,90,0.7269376687010731,0.5284383741765512,0.5210315310930226,0.5986663590416282,0.7736078039002723,1.211663768822963
related_fill_in,1,gp_augmented,single,output_0,93,0.656955403831216,0.43159040262303605,0.4303702009154986,0.630856004451543,0.8129263349924577,1.2732900454578528
related_fill_in,1,gp_augmented,single,output_1,82,0.7574647456708696,0.5737528409342352,0.554852981596206,0.6059746766224282,0.7433676913140583,1.8585486150562167
related_fill_in,1,gp_augmented,single,output_2,87,0.7600532091392037,0.5776808807228021,0.5772774099340219,0.5486725030931613,0.6854842139454074,1.0941267101877041
related_fill_in,1,gp_augmented,single,output_3,90,0.6618925657739689,0.4381017686268478,0.4265939036467633,0.6944656633575959,0.8464445888979916,1.3391246427651753
related_fill_in,1,ridge,single,output_0,93,0.5800248828469253,0.33642886472158945,0.3363814567679604,0.6737580743483671,0.8774332727206648,
related_fill_in,1,ridge,single,output_1,82,0.3991748424017545,0.15934055480646553,0.15736053988728016,0.8185168029594254,1.0227579021008815,
related_fill_in,1,ridge,single,output_2,87,0.4765092767480917,0.22706109082698941,0.22536740986252402,0.6714973114191893,0.927935119335212,
related_fill_in,1,ridge,single,output_3,90,0.5211754545339562,0.2716238544086758,0.25271521662796914,0.7689352831186964,0.9662965957164795,
related_fill_in,1,rrr,multi,output_0,93,0.060802380465017104,0.0036969294702126937,-0.17229878058602743,0.881435448975937,1.166202583677214,
related_fill_in,1,rrr,multi,output_1,82,0.36129484272999035,0.13053396338328846,0.04624816945628185,0.9000850188963067,1.0881020773966306,
related_fill_in,1,rrr,multi,output_2,87,0.10647715941066763,0.011337385476164726,-0.02440925722990195,0.799191454990474,1.067103333485316,
related_fill_in,1,rrr,multi,output_3,90,0.3718800779702136,0.13829479239113215,-0.017639541851099505,0.9131243992653212,1.127624145948875,
related_fill_in,1,lasso,single,output_0,93,0.6281769621367481,0.39460629575935346,0.3911088454785634,0.6581609698447501,0.8404747586711125,
related_fill_in,1,lasso,single,output_1,82,0.4304463017848231,0.18528401872023104,0.18525804168524262,0.8013747083058028,1.005685036822173,
related_fill_in,1,lasso,single,output_2,87,0.5402125814303669,0.29182963313566074,0.2903167801422344,0.6509121762329831,0.8881820618744687,
related_fill_in,1,lasso,single,output_3,90,0.5406004588181177,0.29224885607435935,0.2697055714039026,0.7695975265127348,0.9552485205148735,
related_fill_in,1,mtlasso,multi,output_0,93,0.1462152242630549,0.021378891806295434,-0.04748895750637838,0.8425337208802396,1.1023755424681991,
related_fill_in,1,mtlasso,multi,output_1,82,0.34044412910171107,0.11590220503982251,0.058401058752261314,0.8904711887534762,1.0811474490737807,
related_fill_in,1,mtlasso,multi,output_2,87,0.5128874778591028,0.2630535649446717,0.15561555149339035,0.7064751856267207,0.9688127427485967,
related_fill_in,1,mtlasso,multi,output_3,90,0.288125092576118,0.08301606897199658,-0.033301391861277674,0.8879530738129009,1.1362682907238506,
related_fill_in,1,pls1,single,output_0,93,0.5892211334322607,0.34718154408319796,0.33589526336559805,0.6772544878895376,0.8777546351695539,
related_fill_in,1,pls1,single,output_1,82,0.4009498249939176,0.16076076216265317,0.12728683299427668,0.8199149872199376,1.040848957114662,
related_fill_in,1,pls1,single,output_2,87,0.4990154816953544,0.2490164509716466,0.2261927978436944,0.6888046985925081,0.9274406199842546,
related_fill_in,1,pls1,single,output_3,90,0.5066987291846612,0.25674360215735065,0.2089938604578392,0.7729029508528011,0.9941623392024526,
related_fill_in,1,pls2,multi,output_0,93,0.23811195618700065,0.05669730367920012,-0.001054984088780353,0.8241694320752982,1.077665075745324,
related_fill_in,1,pls2,multi,output_1,82,0.15649474532145816,0.02449060531322805,-0.0934086612218401,0.9462374407020441,1.1650463458978504,
related_fill_in,1,pls2,multi,output_2,87,0.20320101708847305,0.041290653345789914,0.03846520291506683,0.7683045774355236,1.0338373835196912,
related_fill_in,1,pls2,multi,output_3,90,0.1453368303257154,0.021122794249125786,-0.08905807488914563,0.8888511604250721,1.1665219086041878,
related_fill_in,2,gp,single,output_0,86,0.7231281024350932,0.5229142525313786,0.4798710238936653,0.6147353085262472,0.7720755743174463,1.2462706954521714
related_fill_in,2,gp,single,output_1,90,0.7211851707401228,0.52010805049546,0.5097282422738021,0.7165259557207467,0.847934250646115,1.302309129578851
related_fill_in,2,gp,single,output_2,84,0.8178128304996933,0.6688178257299201,0.663264795945442,0.5163534698001288,0.6228857294668415,0.995122740625619
related_fill_in,2,gp,single,output_3,82,0.8458841606384409,0.7155200132189996,0.7146601480890826,0.4521670643580557,0.5979869526660295,0.8995627572545569
related_fill_in,2,mtgp,multi,output_0,86,0.8019149295279866,0.6430675541998757,0.6360591525132466,0.5166203811485516,0.6458321932664655,0.9856127439453006
related_fill_in,2,mtgp,multi,output_1,90,0.7747606717808282,0.6002540985382802,0.5997818237590598,0.6249450337875846,0.7661117870509085,1.1509958931091047
related_fill_in,2,mtgp,multi,output_2,84,0.8516493260070506,0.7253065744882635,0.7243391901172254,0.47848097750888163,0.5635748887068732,0.8556278240684223
related_fill_in,2,mtgp,multi,output_3,82,0.8760949036076231,0.7675422801272505,0.7674485300421623,0.40830354873375174,0.5398461855590688,0.833074241691635
related_fill_in,2,mtgp_corr,multi,output_0,86,0.7954308758298027,0.6327102782233669,0.6199037980649771,0.5305375362310758,0.6600108177148757,1.046600772350394
related_fill_in,2,mtgp_corr,multi,output_1,90,0.7559791325667968,0.5715044488764466,0.5681865743955685,0.649744486281589,0.7957777836289012,1.2014371163625592
related_fill_in,2,mtgp_corr,multi,output_2,84,0.8313934372202358,0.6912150474528782,0.6912150382988658,0.513716636490255,0.5964749243296833,0.9445887390863886
related_fill_in,2,mtgp_corr,multi,output_3,82,0.8622747604433539,0.7435177624976435,0.7422810034542011,0.43114497036591254,0.5683079199509429,0.9295091406901095
related_fill_in,2,gp_augmented,single,output_0,86,0.7381954166363653,0.544932473142937,0.5057697358077744,0.6040039743015875,0.7526082188787634,1.168372752195257
related_fill_in,2,gp_augmented,single,output_1,90,0.7349268173158938,0.5401174268100691,0.5355952645645078,0.6865546902122934,0.8252624021831098,1.2632490337567168
related_fill_in,2,gp_augmented,single,output_2,84,0.8069939114908696,0.6512391731833336,0.646715284291918,0.541822129189108,0.6380086171144816,1.0449213725615958
related_fill_in,2,gp_augmented,single,output_3,82,0.7831136521378808,0.6132669921647297,0.6130984437167712,0.5537304855253343,0.6963229846875211,1.261781249467704
related_fill_in,2,ridge,single,output_0,86,-0.16199140160356848,0.02624121419348861,-0.04959809614451549,0.8600571951564288,1.0967706143054845,
related_fill_in,2,ridge,single,output_1,90,0.6058133605511182,0.3670098278222392,0.36687537412714455,0.7775044929338516,0.9635812552569257,
related_fill_in,2,ridge,single,output_2,84,0.6660845950997165,0.4436686878291533,0.4412257369058118,0.6704552147156286,0.8023841058406549,
related_fill_in,2,ridge,single,output_3,82,0.5063884980512183,0.25642931095856875,0.2533159614322821,0.7397752398942293,0.9673395099984277,
related_fill_in,2,rrr,multi,output_0,86,0.020198722387768406,0.0004079883860981366,-0.5040937335026376,1.0302241423651852,1.3129305072630013,
related_fill_in,2,rrr,multi,output_1,90,0.047963348466765164,0.0023004827961443444,-0.2122538676339032,1.059188330148022,1.3333388366389158,
related_fill_in,2,rrr,multi,output_2,84,0.1396413084963052,0.01949969503856028,-0.21810073898848237,0.931546990506724,1.1846927300779055,
related_fill_in,2,rrr,multi,output_3,82,0.19142285980152046,0.03664271125459256,-0.25535316551567266,0.9325441185580787,1.254276985602581,
related_fill_in,2,lasso,single,output_0,86,-0.1154689170888357,0.013333070813668415,-0.0688459712134113,0.8788658798114924,1.1067813976595575,
related_fill_in,2,lasso,single,output_1,90,0.6329507688516214,0.40062667578985867,0.39474258966195164,0.7703198816696646,0.9421364309751997,
related_fill_in,2,lasso,single,output_2,84,0.7202520022532476,0.5187629467498122,0.5124035684969388,0.6052441327785876,0.7495392491534105,
related_fill_in,2,lasso,single,output_3,82,0.4336979570163253,0.18809391792013436,0.17513664206979973,0.7925590344218745,1.0167203085135859,
related_fill_in,2,mtlasso,multi,output_0,86,-0.036014315822034966,0.001297030944129278,-0.2015381977882218,0.8601062435358482,1.1734729411029536,
related_fill_in,2,mtlasso,multi,output_1,90,0.019433501743080478,0.000377660989998312,-0.0827236495746766,0.988326243881545,1.2600928620850258,
related_fill_in,2,mtlasso,multi,output_2,84,0.06096264287170425,0.0037164438259029526,-0.0958536931652314,0.8660007821359191,1.1236741959972862,
related_fill_in,2,mtlasso,multi,output_3,82,0.02935562308606084,0.0008617526067708682,-0.22068553164464255,0.9558810667209877,1.2368367790173944,
related_fill_in,2,pls1,single,output_0,86,-0.14719106658985817,0.021665210083860062,-0.011087848126157374,0.861286606123995,1.0764620761150043,
related_fill_in,2,pls1,single,output_1,90,0.5924379265321578,0.35098269679372235,0.3417204527960118,0.7982866465829008,0.9825370157769923,
related_fill_in,2,pls1,single,output_2,84,0.6594001259940948,0.4348085261610281,0.4210299247791681,0.6676791651857343,0.8167557087780911,
related_fill_in,2,pls1,single,output_3,82,0.4736152945389018,0.2243114472211707,0.1789585605343995,0.7633980437835578,1.0143621399277583,
related_fill_in,2,pls2,multi,output_0,86,0.04793594123773375,0.0022978544623474635,-0.21625900930472408,0.8618811386399514,1.1806395403515122,
related_fill_in,2,pls2,multi,output_1,90,0.12822987964376104,0.01644290203345344,-0.09133250312100127,1.0243288438259304,1.265092511300111,
related_fill_in,2,pls2,multi,output_2,84,-0.16752082455783032,0.028063226660535366,-0.2820530134729502,0.9618886169710633,1.215394066962369,
related_fill_in,2,pls2,multi,output_3,82,0.16995900788136972,0.028886064360019496,-0.2930713329278223,0.9519118521840846,1.2729804512247411,
unrelated_fill_in,0,gp,single,output_0,91,0.8813540829051629,0.7767850194536008,0.7747565707440544,0.45153801896179113,0.5725374786112346,0.9656215787481254
unrelated_fill_in,0,gp,single,output_1,91,0.7886478766520048,0.6219654733477157,0.6147244853705054,0.5097367352919528,0.6407774475936392,1.1860041668416377
unrelated_fill_in,0,gp,single,output_2,91,0.7791824659241723,0.6071253152036739,0.5965937647534763,0.5754096534068326,0.7147930144564558,1.3499837121198155
unrelated_fill_in,0,gp,single,output_3,93,0.891736461608237,0.7951939169615788,0.7894096673253297,0.42484225871505416,0.5130112005758107,1.0474366696473618
unrelated_fill_in,0,mtgp,multi,output_0,91,0.8619728241041444,0.7429971494940744,0.7429225045181691,0.47154618775354523,0.611659726029451,0.9618804414156052
unrelated_fill_in,0,mtgp,multi,output_1,91,0.7614695336469812,0.5798358506725511,0.5775882418077775,0.5592215801812135,0.6709490045654601,1.0540418758371257
unrelated_fill_in,0,mtgp,multi,output_2,91,0.834032447809688,0.6956101239994199,0.695495003833938,0.5031404142101871,0.6210208876272235,0.9712413763312285
unrelated_fill_in,0,mtgp,multi,output_3,93,0.8947763432232977,0.8006247043920566,0.7956485593242936,0.4202465810749477,0.5053549031553941,0.7444254584172081
unrelated_fill_in,0,mtgp_corr,multi,output_0,91,0.8343980498545495,0.6962201056010752,0.690100410150486,0.5133847436554742,0.6715654678680836,1.1516184707862682
unrelated_fill_in,0,mtgp_corr,multi,output_1,91,0.7281256814355764,0.5301670079660226,0.5071861064160301,0.6067056847543879,0.7247078825900573,1.224847195771046
unrelated_fill_in,0,mtgp_corr,multi,output_2,91,0.810028224998769,0.6561457252946564,0.6545996501037836,0.5305037209432967,0.6614094304821183,1.0536477169600644
unrelated_fill_in,0,mtgp_corr,multi,output_3,93,0.8879706376695179,0.7884918533632103,0.7827070404759016,0.41727034974868343,0.5211112624006424,0.8729131234794111
unrelated_fill_in,0,gp_augmented,single,output_0,91,0.8870390571301751,0.78683828887439,0.785828025857556,0.448133450564389,0.5582891345266924,0.9149360091264604
unrelated_fill_in,0,gp_augmented,single,output_1,91,0.7722751773387123,0.5964089495335395,0.5793964561278617,0.5326312697940937,0.6695114016631218,1.705968835996962
unrelated_fill_in,0,gp_augmented,single,output_2,91,0.7898338448351637,0.6238375024470975,0.6146434111579996,0.5495343710872806,0.6986189967832959,1.6638482234458767
unrelated_fill_in,0,gp_augmented,single,output_3,93,0.8952224149907023,0.8014231723017853,0.796982045343138,0.4187708310171463,0.5037033692914834,0.9768808488720641
unrelated_fill_in,0,ridge,single,output_0,91,0.8527428348549602,0.7271703423964738,0.7264435012460562,0.5118961308131147,0.6309593407085964,
unrelated_fill_in,0,ridge,single,output_1,91,0.6039054889925455,0.3647018396353255,0.3626322260777125,0.6675483782125133,0.8241695486281622,
unrelated_fill_in,0,ridge,single,output_2,91,0.7314975974759585,0.5350887351130995,0.5342260252141953,0.626362201908201,0.768062577809441,
unrelated_fill_in,0,ridge,single,output_3,93,0.6301483667668927,0.3970869641389823,0.3924633841295909,0.7061664465042067,0.8713524581395787,
unrelated_fill_in,0,rrr,multi,output_0,91,0.5297918138080427,0.28067936597801585,0.2605154664350803,0.8410794618030023,1.0373908265340666,
unrelated_fill_in,0,rrr,multi,output_1,91,0.3535027153617643,0.12496416976814055,0.07985455524375706,0.8260130757794629,0.9902611789403066,
unrelated_fill_in,0,rrr,multi,output_2,91,0.5226876496830842,0.2732023791312266,0.12969132664974214,0.8113932654727622,1.0498944793918625,
unrelated_fill_in,0,rrr,multi,output_3,93,0.2860069911624494,0.08179999899379739,-0.12239940750985934,0.9632437784405437,1.1843534956632498,
unrelated_fill_in,0,lasso,single,output_0,91,0.8660634518807294,0.7500659026835645,0.7481873073653204,0.49055243830858236,0.6053641026054133,
unrelated_fill_in,0,lasso,single,output_1,91,0.6480831009612484,0.4200117057515477,0.4195319264466356,0.6325372047874189,0.7865216517236413,
unrelated_fill_in,0,lasso,single,output_2,91,0.7543452790052485,0.5690367999575062,0.5615433847484944,0.597274943834827,0.7451990794403104,
unrelated_fill_in,0,lasso,single,output_3,93,0.6703398592001486,0.44935552683247504,0.4488750151704989,0.670068642313791,0.82991321827639,
unrelated_fill_in,0,mtlasso,multi,output_0,91,0.6905588812540736,0.47687156847887774,0.4237557039516857,0.746313125557703,0.9157589577251944,
unrelated_fill_in,0,mtlasso,multi,output_1,91,0.5275525836967573,0.2783117285651241,0.2663094577764208,0.7454518378716073,0.8842559157238195,
unrelated_fill_in,0,mtlasso,multi,output_2,91,0.7201466798590506,0.5186112405120139,0.5179274372028333,0.6333153252621547,0.7813852401151282,
unrelated_fill_in,0,mtlasso,multi,output_3,93,0.4748248134061893,0.2254586034262225,0.2130070654176054,0.8349350068821777,0.991729081158073,
unrelated_fill_in,0,pls1,single,output_0,91,0.8497282461277746,0.7220380922673839,0.7164319510881928,0.5194562460030588,0.6424014362744235,
unrelated_fill_in,0,pls1,single,output_1,91,0.5834857387789321,0.34045560735839614,0.31351028214957144,0.6600996537762266,0.8553395070062179,
unrelated_fill_in,0,pls1,single,output_2,91,0.7170404590149183,0.5141470198643248,0.512239717078985,0.6527667318031065,0.7859812995821622,
unrelated_fill_in,0,pls1,single,output_3,93,0.6270472968919761,0.39318831253953407,0.35350496190772307,0.7145462751505549,0.8988562236931668,
unrelated_fill_in,0,pls2,multi,output_0,91,0.48760081985467213,0.2377545595229484,0.22822297337185093,0.8596902481375795,1.059799668085264,
unrelated_fill_in,0,pls2,multi,output_1,91,0.39946245191606794,0.1595702504907969,0.1555804993037142,0.7914764962837012,0.9486382692806442,
unrelated_fill_in,0,pls2,multi,output_2,91,0.5563081653664249,0.30947877485335756,0.25061687682547285,0.7554358640105535,0.9742287694284976,
unrelated_fill_in,0,pls2,multi,output_3,93,0.2931048997137449,0.08591048223620447,0.026159537606089356,0.902784594083308,1.103193106603488,
unrelated_fill_in,1,gp,single,output_0,93,0.755651125556727,0.5710086235551484,0.5632462492459869,0.5048909249279148,0.6704247879803755,1.1974527340356167
unrelated_fill_in,1,gp,single,output_1,82,0.8559730757667188,0.7326899064375368,0.7324096156996865,0.4487047883447864,0.5653374328212463,0.8580308213149164
unrelated_fill_in,1,gp,single,output_2,87,0.7868171110441661,0.6190811662318876,0.6153017392290387,0.54645920265883,0.6591918260224588,1.0118080309948305
unrelated_fill_in,1,gp,single,output_3,90,0.7573312475550044,0.5735506185232193,0.5733709363491384,0.5983154655152729,0.7379825381774364,1.1820647765813206
unrelated_fill_in,1,mtgp,multi,output_0,93,0.7325871186953425,0.5366838864783439,0.5220130559770805,0.5232358037316395,0.7013580059443202,1.0041749885326652
unrelated_fill_in,1,mtgp,multi,output_1,82,0.7829200556812107,0.6129638135878701,0.5959421394633622,0.554776895478562,0.6946951562831102,2.145365368300192
unrelated_fill_in,1,mtgp,multi,output_2,87,0.7972852502867978,0.6356637703248817,0.6351881026634882,0.5088493203741599,0.6419278214944879,1.0008919232453217
unrelated_fill_in,1,mtgp,multi,output_3,90,0.7360946387938516,0.5418353172610508,0.5356420877529158,0.6056803451642329,0.7699229969668996,1.1771382226535232
unrelated_fill_in,1,mtgp_corr,multi,output_0,93,0.7364141773221669,0.5423058405610838,0.5241983506007253,0.5297662878802603,0.69975291012361,1.0160740448662164
unrelated_fill_in,1,mtgp_corr,multi,output_1,82,0.8552222308506079,0.7314050641410904,0.7297251638083817,0.4369016037030797,0.5681660732164042,0.9569751645508098
unrelated_fill_in,1,mtgp_corr,multi,output_2,87,0.7985078173452858,0.6376147343615323,0.6362832155099104,0.5236491435550855,0.640963609847304,1.0160998440472973
unrelated_fill_in,1,mtgp_corr,multi,output_3,90,0.7287388463012604,0.531060306108492,0.5137392600193087,0.6140575360671222,0.7878716439438341,1.2558239152450716
unrelated_fill_in,1,gp_augmented,single,output_0,93,0.745604362522698,0.5559258654128789,0.5396858497315359,0.5395011647698928,0.688270101890539,1.5087771222819544
unrelated_fill_in,1,gp_augmented,single,output_1,82,0.8148343318083595,0.6639549882935757,0.6480203013576985,0.5091992828623675,0.6483825205451844,1.2521207310289113
unrelated_fill_in,1,gp_augmented,single,output_2,87,0.759139466482404,0.576292729571189,0.566740811162693,0.579683872572379,0.6995610053024204,1.120845884518455
unrelated_fill_in,1,gp_augmented,single,output_3,90,0.7321933983831562,0.5361071726358754,0.5352019529384433,0.6180181271277068,0.7702877906382349,1.2203828386165738
unrelated_fill_in,1,ridge,single,output_0,93,0.5291841858336811,0.28003590253645594,0.2608435342803147,0.693836504976353,0.8721675652023375,
unrelated_fill_in,1,ridge,single,output_1,82,0.8645842174886881,0.7475058691305271,0.7475010843052193,0.43706657091285006,0.5491642401051718,
unrelated_fill_in,1,ridge,single,output_2,87,-0.02647058861217612,0.000700692061475068,-0.026643004119762947,0.8942869444542212,1.0768654121586443,
unrelated_fill_in,1,ridge,single,output_3,90,0.3155817516026076,0.09959184194456992,0.0973806785475061,0.9043967677326641,1.0734286432310869,
unrelated_fill_in,1,rrr,multi,output_0,93,0.27639372768103326,0.07639349270141717,0.02290924394139493,0.7812059081138353,1.002765061897287,
unrelated_fill_in,1,rrr,multi,output_1,82,0.6419075819086026,0.4120453437117494,0.3949814528136061,0.6907530136236079,0.8500741992361688,
unrelated_fill_in,1,rrr,multi,output_2,87,0.12269319721155642,0.015053620641993875,-0.20258170867698233,0.9586220081988717,1.1654912006970666,
unrelated_fill_in,1,rrr,multi,output_3,90,0.06850128809052655,0.004692426470061315,-0.2039641242848207,1.029949618695497,1.2397315104543272,
unrelated_fill_in,1,lasso,single,output_0,93,0.5788031229673217,0.3350130551567246,0.33358397556077846,0.6654723765057707,0.8281413259956638,
unrelated_fill_in,1,lasso,single,output_1,82,0.8680026824763999,0.7534286567862258,0.7483468357134342,0.4388501985580234,0.5482437490053317,
unrelated_fill_in,1,lasso,single,output_2,87,-0.02178126511145566,0.00047442350985551563,-0.058162730862656,0.9132614501857088,1.0932712630961785,
unrelated_fill_in,1,lasso,single,output_3,90,0.34966197125330967,0.12226349414075036,0.12208856588696892,0.8959879978879337,1.0586349299968905,
unrelated_fill_in,1,mtlasso,multi,output_0,93,0.35031555459277025,0.12272098778964019,0.11053982502489013,0.7617857557127202,0.9567423436671403,
unrelated_fill_in,1,mtlasso,multi,output_1,82,0.7127060563462141,0.5079499227525729,0.4355725366019175,0.6603004837748659,0.8210631467976085,
unrelated_fill_in,1,mtlasso,multi,output_2,87,0.13604181298187437,0.018507374879395282,-0.02925733707088507,0.9061928415638585,1.0782356522160923,
unrelated_fill_in,1,mtlasso,multi,output_3,90,0.2065556348205637,0.042665230276126065,0.0054801702317278655,0.9516336930400299,1.1267500612525057,
unrelated_fill_in,1,pls1,single,output_0,93,0.5285392132718305,0.27935369996600556,0.21521125509453054,0.7147072075994906,0.8986863072438139,
unrelated_fill_in,1,pls1,single,output_1,82,0.8649265669593323,0.7480979662320564,0.7458963219534485,0.436489042782223,0.5509065887436942,
unrelated_fill_in,1,pls1,single,output_2,87,0.027231583594610056,0.0007415591450702355,-0.016199460945111266,0.8792294131188972,1.0713741958586138,
unrelated_fill_in,1,pls1,single,output_3,90,0.3490323939291387,0.12182361201190546,0.08857854927318398,0.9006390201625893,1.0786498557159703,
unrelated_fill_in,1,pls2,multi,output_0,93,0.19715454167091734,0.03886991330146948,-0.002123079448047349,0.7956809152171758,1.0155288689328046,
unrelated_fill_in,1,pls2,multi,output_1,82,0.4476932810175786,0.2004292738682846,0.1834547427232932,0.791658537815198,0.987558021985101,
unrelated_fill_in,1,pls2,multi,output_2,87,-0.05031048672458563,0.002531145074464707,-0.1001587173418308,0.9340079863165242,1.1147548594598684,
unrelated_fill_in,1,pls2,multi,output_3,90,0.015596871953612243,0.00024326241473737617,-0.12033282542400348,1.0068227555369835,1.1958987096767066,
unrelated_fill_in,2,gp,single,output_0,86,0.8632931591634189,0.7452750786583561,0.741541682784055,0.480877337626557,0.6073502762881824,0.9408915485860609
unrelated_fill_in,2,gp,single,output_1,90,0.3180365065554549,0.10114721950199791,0.054805570379172885,0.8862346869051702,1.120775268136036,1.5551638188701329
unrelated_fill_in,2,gp,single,output_2,84,0.8579664163425011,0.736106371571594,0.7340893490129894,0.44439531405803173,0.5702334307270535,0.8364825697196171
unrelated_fill_in,2,gp,single,output_3,82,0.8690122428403516,0.7551822782064183,0.754378494142139,0.38041706813273624,0.509409380256194,0.7614286006998062
unrelated_fill_in,2,mtgp,multi,output_0,86,0.8749056531249432,0.7654599018699834,0.7653791546085512,0.4469937297689196,0.5786650793994604,0.8694577082645437
unrelated_fill_in,2,mtgp,multi,output_1,90,0.08743790188288582,0.007645386685681168,-0.06266763087378169,0.9998050739687582,1.188383705061471,1.6115161153234463
unrelated_fill_in,2,mtgp,multi,output_2,84,0.8523245184111012,0.7264570846847157,0.7253223980087687,0.463083013947278,0.5795573685083923,0.871885038240483
unrelated_fill_in,2,mtgp,multi,output_3,82,0.869952014325044,0.7568165072282015,0.7564428234855224,0.3952102060068217,0.5072641943433577,0.786529324770932
unrelated_fill_in,2,mtgp_corr,multi,output_0,86,0.8829736719202268,0.7796425053042884,0.7796307865540897,0.43408693388545283,0.5608147635385861,0.8433307734075857
unrelated_fill_in,2,mtgp_corr,multi,output_1,90,0.062212380105728916,0.003870380238419695,-0.09687219557679305,0.9929884964460148,1.2073577551803067,1.6344289410824138
unrelated_fill_in,2,mtgp_corr,multi,output_2,84,0.8463362613547116,0.7162850672838708,0.7135767414152491,0.47161237223034097,0.5918190614043506,0.8940830102273108
unrelated_fill_in,2,mtgp_corr,multi,output_3,82,0.8681523866966223,0.7536885665270416,0.7528973772253502,0.3958517719020424,0.5109429610571912,0.8031144185707925
unrelated_fill_in,2,gp_augmented,single,output_0,86,0.8624450275067608,0.7438114254711373,0.740913943134021,0.47184028236572695,0.6080873905671289,0.9705212524461266
unrelated_fill_in,2,gp_augmented,single,output_1,90,0.33922261214373894,0.11507198058962155,0.07571618139731973,0.8711293130867356,1.1083084314138334,1.6232064567636655
unrelated_fill_in,2,gp_augmented,single,output_2,84,0.8353889609375024,0.6978747160562399,0.6923001820233367,0.46713181780679575,0.6134065765325536,0.889455846618241
unrelated_fill_in,2,gp_augmented,single,output_3,82,0.865963346576829,0.7498925176145413,0.7481974469404172,0.38735012649540607,0.515779180228187,0.7743759445906304
unrelated_fill_in,2,ridge,single,output_0,86,0.3336942755585025,0.1113518695405138,0.11095850801373852,0.8736303087726256,1.1264320330805986,
unrelated_fill_in,2,ridge,single,output_1,90,0.24582823147391225,0.06043151938959138,0.055162002483633676,0.9285102566412459,1.120563926457033,
unrelated_fill_in,2,ridge,single,output_2,84,0.7921292417176727,0.6274687355842152,0.626811271169582,0.5336182552780254,0.6755368858943018,
unrelated_fill_in,2,ridge,single,output_3,82,0.8620328874053816,0.7431006989684594,0.742758520091355,0.39646913029789477,0.5213198272717458,
unrelated_fill_in,2,rrr,multi,output_0,86,0.05235111933658334,0.00274063969579319,-0.29015073906911093,1.0643861236123626,1.3569511235675358,
unrelated_fill_in,2,rrr,multi,output_1,90,0.07094724803282337,0.00503351200343096,-0.6612229317017231,1.192681584013511,1.48583957302898,
unrelated_fill_in,2,rrr,multi,output_2,84,0.13085759410407147,0.01712370993470592,-0.34645875676445637,1.0347717119642899,1.283161544974497,
unrelated_fill_in,2,rrr,multi,output_3,82,0.5982468954735015,0.35789934794368267,0.31539341384793285,0.6681404556938357,0.850460758498038,
unrelated_fill_in,2,lasso,single,output_0,86,0.48230421323161404,0.23261735410096623,0.22957942519150032,0.7967117609182685,1.0485953160975743,
unrelated_fill_in,2,lasso,single,output_1,90,0.28033721938193706,0.07858895657079631,0.07621575003598458,0.9231538207313646,1.1080088746338397,
unrelated_fill_in,2,lasso,single,output_2,84,0.8134330415085935,0.6616733130179212,0.6615154530693694,0.507384180358294,0.6433602601641705,
unrelated_fill_in,2,lasso,single,output_3,82,0.8604593556914328,0.7403903027969158,0.738639010217496,0.38887564815972264,0.5254775012224868,
unrelated_fill_in,2,mtlasso,multi,output_0,86,-0.04372975546563463,0.0019122915130842019,-0.2560455550705534,1.0429994778767566,1.3388954715577435,
unrelated_fill_in,2,mtlasso,multi,output_1,90,0.11325901523878708,0.012827604532859804,-0.2112882579974431,1.0413514750513804,1.2687665368389325,
unrelated_fill_in,2,mtlasso,multi,output_2,84,0.4240487424904526,0.17981733600773417,0.1395301336806749,0.8523599824815875,1.025776253870098,
unrelated_fill_in,2,mtlasso,multi,output_3,82,0.6969576208195898,0.4857499252185031,0.45733445972206743,0.5825438334738775,0.7571812746594705,
unrelated_fill_in,2,pls1,single,output_0,86,0.24889063725915114,0.06194654931526636,0.004300543199111551,0.9155709409314424,1.1920874402455781,
unrelated_fill_in,2,pls1,single,output_1,90,0.24632165072805293,0.0606743556173929,0.05082931642918331,0.9461869332348347,1.123130238648337,
unrelated_fill_in,2,pls1,single,output_2,84,0.7988033704601467,0.6380868246584904,0.6315747162314742,0.5228330909499236,0.6712117052851609,
unrelated_fill_in,2,pls1,single,output_3,82,0.8621074066601515,0.7432291806182918,0.7425117334637419,0.39739115804424063,0.5215698334535442,
unrelated_fill_in,2,pls2,multi,output_0,86,0.03874577524269775,0.0015012350991576496,-0.1922592319203471,1.0448289286788373,1.3044556680465405,
unrelated_fill_in,2,pls2,multi,output_1,90,0.11909241771259774,0.014183003956631864,-0.4889879216644515,1.1549184069365996,1.406706679373382,
unrelated_fill_in,2,pls2,multi,output_2,84,0.035646676071205884,0.0012706855149254822,-0.48362714584921873,1.085854137294667,1.3469367229777454,
unrelated_fill_in,2,pls2,multi,output_3,82,0.4678581733093492,0.21889127033236103,0.12693610571100133,0.7673385733240763,0.9604101851883302,
patient_fill_in,0,gp,single,output_0,91,0.7031862100917771,0.4944708460632368,0.46710663136016406,0.8881613976873701,1.1170116317825043,1.6094072241626813
patient_fill_in,0,gp,single,output_1,91,0.602786045165103,0.36335101624578564,0.35820452216703236,0.9846258274561647,1.219031611783626,1.6488015157186893
patient_fill_in,0,gp,single,output_2,91,0.49579089268292753,0.24580860926733417,0.1844334828811277,1.0128563338700995,1.2656784981165932,1.6966984567062526
patient_fill_in,0,gp,single,output_3,93,0.3310250726877243,0.10957759874791316,-0.0663335318065501,1.5003923285767542,1.8232255331508287,2.3560032438184417
patient_fill_in,0,mtgp,multi,output_0,91,0.790483153485747,0.6248636159447711,0.6246075923317642,0.710817862738796,0.9375194360556749,1.3079386130479178
patient_fill_in,0,mtgp,multi,output_1,91,0.7067418962805377,0.49948410795821035,0.4958243447386561,0.796819429711466,1.0804572231052472,1.4645927686956175
patient_fill_in,0,mtgp,multi,output_2,91,0.8000294086629292,0.6400470547255561,0.6389627434484217,0.6630753159661615,0.8421117334507536,1.2954659037952478
patient_fill_in,0,mtgp,multi,output_3,93,0.7885467440327527,0.6218059675246557,0.6088266707291801,0.9465726874564567,1.104278150778761,1.6717506973252498
patient_fill_in,0,mtgp_corr,multi,output_0,91,0.862048160052036,0.7431270302491007,0.7419053143650051,0.6461116883935193,0.77736873316742,1.283916288484453
patient_fill_in,0,mtgp_corr,multi,output_1,91,0.8316610438714351,0.6916600918933251,0.6906408951072988,0.6736239575539033,0.8463462859809283,1.447835609553581
patient_fill_in,0,mtgp_corr,multi,output_2,91,0.824386754192107,0.6796135204873975,0.6707350101186964,0.6469256479479218,0.8042044762943794,1.5277838137796602
patient_fill_in,0,mtgp_corr,multi,output_3,93,0.825922643581321,0.6821482131803577,0.6809576813428369,0.8453238989137944,0.997282062203492,1.469718751855929
patient_fill_in,0,gp_augmented,single,output_0,91,0.720881915684407,0.5196707363608204,0.5073731471055974,0.8204024972070084,1.0739809507275664,1.8260623295021696
patient_fill_in,0,gp_augmented,single,output_1,91,0.7181662799223417,0.5157628056174953,0.48077637517958116,0.8568675265568775,1.096462704176883,1.6388662885793224
patient_fill_in,0,gp_augmented,single,output_2,91,0.6530540296859165,0.42647956568901396,0.3694996374024865,0.9068850877394524,1.1128493557370673,1.9289837340365292
patient_fill_in,0,gp_augmented,single,output_3,93,0.5618220674608603,0.31564403548599546,0.28272844519529683,1.2129213717556082,1.4953252443613794,2.424070036237941
patient_fill_in,0,ridge,single,output_0,91,0.47482472689757155,0.22545852127335342,0.21590341600069607,1.117382246415585,1.3549470337828637,
patient_fill_in,0,ridge,single,output_1,91,0.6456913870649554,0.4169173673298661,0.4166286815997914,0.9378596950398929,1.1622222301474507,
patient_fill_in,0,ridge,single,output_2,91,0.44308056000082496,0.19632038265064464,0.19533030213906133,0.9855371703587686,1.2571946722489697,
patient_fill_in,0,ridge,single,output_3,93,0.3344517780204743,0.11185799182105663,0.11146807167004513,1.3332361329425249,1.6642952752884728,
patient_fill_in,0,rrr,multi,output_0,91,0.2732222484699225,0.07465039705896007,-0.1446026456674787,1.3129197057396598,1.6370611809129736,
patient_fill_in,0,rrr,multi,output_1,91,0.4696447677003607,0.22056620782832576,0.22031850548149756,1.0805774497871294,1.3436162719472982,
patient_fill_in,0,rrr,multi,output_2,91,0.24092628279316958,0.05804547374053432,-0.049349130603309366,1.0956481038521697,1.4356669802213866,
patient_fill_in,0,rrr,multi,output_3,93,0.23386456584222137,0.0546926351565707,-0.18006262326824762,1.4988643949281522,1.9179902212460818,
patient_fill_in,0,lasso,single,output_0,91,0.5311606990146561,0.2821316881777381,0.2808480591295437,1.0783011042906994,1.2976210022836714,
patient_fill_in,0,lasso,single,output_1,91,0.6391225028883866,0.4084775736983157,0.408308304394601,0.946713377827074,1.1704810273629738,
patient_fill_in,0,lasso,single,output_2,91,0.429777718663669,0.1847088874597478,0.16470210828813348,0.9876493578992822,1.2808975677916563,
patient_fill_in,0,lasso,single,output_3,93,0.3434227974097986,0.11793921778077156,0.11784941649879666,1.3105445756519567,1.6583081074539099,
patient_fill_in,0,mtlasso,multi,output_0,91,0.15261490914141138,0.02329131049224125,-0.013117200884609881,1.3108065901173351,1.5401654688827429,
patient_fill_in,0,mtlasso,multi,output_1,91,0.11853776025507486,0.014051200606289603,0.008059891971224142,1.2274420977819942,1.515511956063124,
patient_fill_in,0,mtlasso,multi,output_2,91,-0.0326598880338601,0.0010666682863842783,-0.11332705330047221,1.1591992666710929,1.478785180028243,
patient_fill_in,0,mtlasso,multi,output_3,93,0.16533958660980877,0.027337178900302454,-0.07504020579733472,1.453069828474196,1.830653771115152,
patient_fill_in,0,pls1,single,output_0,91,0.4856445904080596,0.23585066819261194,0.2006739973651871,1.092494327357961,1.3680422438346382,
patient_fill_in,0,pls1,single,output_1,91,0.6457320717582984,0.41696990849726423,0.4108253711247217,0.9540403508855322,1.1679887507006776,
patient_fill_in,0,pls1,single,output_2,91,0.4664072403955144,0.21753571389335916,0.20177101315184554,0.974827114608625,1.2521531653702778,
patient_fill_in,0,pls1,single,output_3,93,0.3692861503194319,0.13637226081774606,0.1164527779568274,1.3226738477809288,1.6596203216487293,
patient_fill_in,0,pls2,multi,output_0,91,0.22396084748828662,0.05015846120767158,-0.15599898815465507,1.3569492873436608,1.645190771081222,
patient_fill_in,0,pls2,multi,output_1,91,0.11153520413468598,0.012440101761366073,-0.14562547939360004,1.2747758812752574,1.6286882886364282,
patient_fill_in,0,pls2,multi,output_2,91,0.15472882743988478,0.02394101004092164,-0.18768738889814474,1.1958282701713518,1.5273718456754692,
patient_fill_in,0,pls2,multi,output_3,93,0.27893743557898143,0.07780609296737842,-0.07252650859464205,1.4738200719608303,1.8285122687051778,
patient_fill_in,1,gp,single,output_0,93,0.04079266613670177,0.0016640416105404155,-0.17016435967621857,1.204310626128049,1.6016721323119114,2.090960707328604
patient_fill_in,1,gp,single,output_1,82,0.48139887447060237,0.23174487634156277,0.21943955461536602,0.9734297599912375,1.2455879804788332,1.6621943066998546
patient_fill_in,1,gp,single,output_2,87,0.2880712771671841,0.08298506072873262,0.046880468155994115,0.9914452495277383,1.3057394618902176,1.7634089659868812
patient_fill_in,1,gp,single,output_3,90,0.09606591421384268,0.009228659873741381,-0.17006451186999905,1.247513342675068,1.5436690325561733,1.8894397258008513
patient_fill_in,1,mtgp,multi,output_0,93,0.7088678524285856,0.5024936322067151,0.47822109216126285,0.8490781108702853,1.0695311694493468,1.6143519681119725
patient_fill_in,1,mtgp,multi,output_1,82,0.5957461258412312,0.3549134464548361,0.34133452942349185,0.9212346272505769,1.1442043310492305,1.5755983675502465
patient_fill_in,1,mtgp,multi,output_2,87,0.5442045484188346,0.2961585905197477,0.251439125577287,0.7924413350791933,1.1571679770678467,1.683852041964408
patient_fill_in,1,mtgp,multi,output_3,90,0.5846617550819909,0.34182936785555396,0.2878279639071559,0.8520720686556729,1.204319578286574,1.6249772798910647
patient_fill_in,1,mtgp_corr,multi,output_0,93,0.707045057967339,0.4999127139960377,0.4599427083019053,0.8378121427922554,1.0881032392135719,2.5888233364547606
patient_fill_in,1,mtgp_corr,multi,output_1,82,0.5770015541840829,0.3329307935308472,0.19095914429176453,0.9210672388313585,1.2681083600901961,2.367952795186495
patient_fill_in,1,mtgp_corr,multi,output_2,87,0.6869244073004285,0.4718651413450449,0.44404178732924116,0.7315139748677126,0.9972497125800572,2.465827680078632
patient_fill_in,1,mtgp_corr,multi,output_3,90,0.6759828052422958,0.4569527529832436,0.3886820553750081,0.7958853319530713,1.1157910161310205,2.156941820864539
patient_fill_in,1,gp_augmented,single,output_0,93,0.6051480485203518,0.36620416062799,0.3446322410491184,0.941715508165601,1.1986509177287716,1.6948677548526085
patient_fill_in,1,gp_augmented,single,output_1,82,0.42472641290074825,0.18039252581553689,0.04904154862235033,1.0988460239694628,1.3748392116563304,2.011847397344675
patient_fill_in,1,gp_augmented,single,output_2,87,0.5563389733469783,0.3095130532647699,0.2854004257940441,0.8315520951686278,1.1306136419267692,1.8584775849148287
patient_fill_in,1,gp_augmented,single,output_3,90,0.697164505454238,0.4860383476652523,0.4837039228575578,0.8189821480950314,1.0254127208960468,1.616478085494087
patient_fill_in,1,ridge,single,output_0,93,0.27626502886715704,0.07632236617497111,0.07441613241774259,1.1437598611735036,1.4244856360071572,
patient_fill_in,1,ridge,single,output_1,82,0.2154680953559576,0.046426500116324036,0.017324734310485312,1.1271234779439865,1.3975783080526516,
patient_fill_in,1,ridge,single,output_2,87,0.4020069712206,0.1616096049099603,0.15690641639313063,0.9534583538627042,1.2280632545553585,
patient_fill_in,1,ridge,single,output_3,90,0.03202319689803476,0.0010254851395703033,-0.1001510285116991,1.188260863265473,1.4968402153467468,
patient_fill_in,1,rrr,multi,output_0,93,0.08180395512722012,0.006691887074456243,-0.47975362248334097,1.3708402493698204,1.8011293032762379,
patient_fill_in,1,rrr,multi,output_1,82,0.1179041605064025,0.013901391064719522,-0.299326989784543,1.2459260564087447,1.6070536249898568,
patient_fill_in,1,rrr,multi,output_2,87,0.271496009171148,0.07371008299586009,-0.2664528297356541,1.1454153864320746,1.5051415824501564,
patient_fill_in,1,rrr,multi,output_3,90,0.044016407805899785,0.0019374441561352755,-0.4945945056119905,1.3646047861008865,1.7446607023351457,
patient_fill_in,1,lasso,single,output_0,93,0.2712912577130533,0.0735989465115303,0.07214109123958967,1.1430046348586829,1.4262352205807496,
patient_fill_in,1,lasso,single,output_1,82,0.3303010377007096,0.1090987755061656,0.10619804743840922,1.0725419503492915,1.3328822620333247,
patient_fill_in,1,lasso,single,output_2,87,0.4639808539680139,0.21527823284888745,0.21494467334362355,0.9221309937978822,1.1850399107398255,
patient_fill_in,1,lasso,single,output_3,90,-0.10055203535637003,0.010110711814308688,-0.20900030688075777,1.2418928105545888,1.5691428916218353,
patient_fill_in,1,mtlasso,multi,output_0,93,-0.15644965315701564,0.024476493972950496,-0.29449872036038416,1.2588362100514552,1.684616301140235,
patient_fill_in,1,mtlasso,multi,output_1,82,0.14972866942610186,0.022418674448110888,-0.02210908627434427,1.099808320732237,1.425344234705725,
patient_fill_in,1,mtlasso,multi,output_2,87,0.2040918761537429,0.041653493911954734,-0.009862500492483717,1.0128702516521582,1.3440454891634301,
patient_fill_in,1,mtlasso,multi,output_3,90,-0.08474511815199195,0.007181735050595077,-0.2624497058765891,1.2323338033127904,1.603453356023071,
patient_fill_in,1,pls1,single,output_0,93,0.20353948210436137,0.041428320775311646,0.0018854571822566335,1.1680337501298732,1.479245912173164,
patient_fill_in,1,pls1,single,output_1,82,0.21649955416767877,0.046872056954803676,-0.041162796105966404,1.1488781380831088,1.4385682117890832,
patient_fill_in,1,pls1,single,output_2,87,0.38769232279348187,0.15030533715300534,0.12085305544315073,0.9802401828199082,1.2540463264585422,
patient_fill_in,1,pls1,single,output_3,90,-0.0017028496518107937,2.8996969366721412e-06,-0.19327540621767159,1.223291433669195,1.5589049393214467,
patient_fill_in,1,pls2,multi,output_0,93,-0.20314737602172528,0.04126885638451224,-0.12425562283080915,1.171903537197577,1.569938790415104,
patient_fill_in,1,pls2,multi,output_1,82,-0.00038670024157054847,1.4953707683072053e-07,-0.1824765957940666,1.177163292265376,1.5330891700518192,
patient_fill_in,1,pls2,multi,output_2,87,-0.03975206964423816,0.0015802270410003607,-0.14775191357050144,1.092644668671602,1.432870223003784,
patient_fill_in,1,pls2,multi,output_3,90,-0.2181028283034583,0.047568843713967815,-0.20034026212587253,1.1761503754904268,1.5635129222596518,
patient_fill_in,2,gp,single,output_0,86,0.2528956089993661,0.06395618905116025,-0.12979380699285747,1.0296630591041944,1.2832082074996567,1.877227690372334
patient_fill_in,2,gp,single,output_1,90,0.37759107410069465,0.14257501924051627,0.1065098018965368,1.1915117552324637,1.4756080118694874,1.8674671268530643
patient_fill_in,2,gp,single,output_2,84,0.503403627590658,0.25341521227143393,0.21084942270091034,0.9421681215266098,1.1457243159088537,1.621093326425265
patient_fill_in,2,gp,single,output_3,82,0.5034951103021761,0.2535073260982005,0.23711531081053971,0.816762367280972,1.1078943097429883,1.612956327447126
patient_fill_in,2,mtgp,multi,output_0,86,0.6941899968133625,0.4818997516757362,0.47276780860006484,0.7125717124565174,0.876593999467611,1.412206216984791
patient_fill_in,2,mtgp,multi,output_1,90,0.6451883724473905,0.4162680359413126,0.40637948962615167,0.9823219611996028,1.202764378270667,1.631435615476724
patient_fill_in,2,mtgp,multi,output_2,84,0.6208995433201139,0.385516242895126,0.3695652368740808,0.8027739676038163,1.0240478908291482,1.5773055342665159
patient_fill_in,2,mtgp,multi,output_3,82,0.6658493004471886,0.44335529090601045,0.4328492414569065,0.7692674018188183,0.9552524077207745,1.418003603922426
patient_fill_in,2,mtgp_corr,multi,output_0,86,0.6450461048889857,0.41608447743245236,0.3812167518558983,0.7752014066509411,0.9496570742301719,1.4959346970909722
patient_fill_in,2,mtgp_corr,multi,output_1,90,0.6948406845709821,0.4828035769350711,0.45230451623311374,0.9155364589754758,1.1553024337567814,1.6215564005371785
patient_fill_in,2,mtgp_corr,multi,output_2,84,0.729844175018981,0.532672519809137,0.4890232865184537,0.7272028361515732,0.9219359397189801,1.5410076377747912
patient_fill_in,2,mtgp_corr,multi,output_3,82,0.8027685106218219,0.6444372816459781,0.6423111045786545,0.6159450764697689,0.7586153239084776,1.2181952141690806
patient_fill_in,2,gp_augmented,single,output_0,86,0.6650749779873327,0.4423247263448511,0.3949606454404292,0.7651637477868966,0.9390513597325671,1.4687982798005708
patient_fill_in,2,gp_augmented,single,output_1,90,0.5074877383889198,0.25754380461510074,0.17363389746566393,1.1090149400809228,1.4190978935527323,1.9328393812443727
patient_fill_in,2,gp_augmented,single,output_2,84,0.669366454801677,0.4480514508137655,0.3910333868110484,0.7911375068557513,1.0064609575700292,2.114274214951156
patient_fill_in,2,gp_augmented,single,output_3,82,0.7311078237790581,0.5345186499909503,0.5210026912575794,0.6977259850576124,0.8778805337689178,1.561232176871593
patient_fill_in,2,ridge,single,output_0,86,-0.0426358554128986,0.0018178161667895946,-0.005286324648231533,0.9523754592724787,1.2104376429169523,
patient_fill_in,2,ridge,single,output_1,90,0.20754622621206503,0.04307543601486967,0.02321116087821551,1.257167044203809,1.5428597617769049,
patient_fill_in,2,ridge,single,output_2,84,0.45573766444989555,0.20769681879824559,0.20701200676169007,0.9616706376449177,1.1485066042030445,
patient_fill_in,2,ridge,single,output_3,82,0.32334474369184074,0.10455182327314218,0.102974433676017,0.9462361195601788,1.2013548138291883,
patient_fill_in,2,rrr,multi,output_0,86,-0.055984040570621146,0.0031342127986129543,-1.560462071740408,1.510580401664907,1.9317757382142373,
patient_fill_in,2,rrr,multi,output_1,90,0.053786543024388934,0.002892992210514442,-1.3085343396368319,1.9177947414532563,2.3718885460631713,
patient_fill_in,2,rrr,multi,output_2,84,-0.24292383906894816,0.05901199158799622,-0.3806261476750641,1.2128026812774007,1.5154382269496305,
patient_fill_in,2,rrr,multi,output_3,82,0.03067399498041574,0.0009408939680585701,-1.6301957153762898,1.63629469613057,2.0571355780428844,
patient_fill_in,2,lasso,single,output_0,86,-0.125080152500971,0.01564504454966616,-0.011021421182395796,0.9513747453888011,1.2138854685836602,
patient_fill_in,2,lasso,single,output_1,90,0.24355683251888313,0.059319930666631285,0.049830070272105065,1.2536678901464506,1.5216919718216155,
patient_fill_in,2,lasso,single,output_2,84,0.4810633942746045,0.23142198931100358,0.23044972763609628,0.9410100358125232,1.1314065512467282,
patient_fill_in,2,lasso,single,output_3,82,0.33393352834969214,0.11151160135607464,0.10993946595740833,0.9381151095093023,1.19668171350992,
patient_fill_in,2,mtlasso,multi,output_0,86,-0.07628891227783344,0.0058199981365349655,-0.2634917040201308,1.0641109284070585,1.3570121345633568,
patient_fill_in,2,mtlasso,multi,output_1,90,0.04916140850244863,0.002416844085944628,-0.06979800631763067,1.315846429416309,1.6146448080378941,
patient_fill_in,2,mtlasso,multi,output_2,84,-0.2193919591051904,0.04813283172001354,-0.07770608875002027,1.059379525564368,1.3389068370802706,
patient_fill_in,2,mtlasso,multi,output_3,82,0.013002153530194602,0.00016905599642275197,-0.16233654138939757,1.0912897357661169,1.3675235941129216,
patient_fill_in,2,pls1,single,output_0,86,-0.11804757886302371,0.013935230875421803,-0.007680221632407447,0.9471796108240754,1.2118779987366446,
patient_fill_in,2,pls1,single,output_1,90,0.2589468130838781,0.06705345200629692,-0.016330712439473594,1.2662989087965892,1.5737785914117877,
patient_fill_in,2,pls1,single,output_2,84,0.4590800323229884,0.21075447607767606,0.19469799795181564,0.9730018036566457,1.1573896128563688,
patient_fill_in,2,pls1,single,output_3,82,0.3502078905402209,0.12264556659663134,0.10026666614898194,0.9492953906501267,1.2031666564897519,
patient_fill_in,2,pls2,multi,output_0,86,0.013537291254624046,0.00018325825451252068,-0.48184832509847664,1.1244675108598996,1.4696009046355532,
patient_fill_in,2,pls2,multi,output_1,90,0.0627925220026874,0.003942900819457981,-0.20040919529706147,1.4133099853411477,1.7103727359502836,
patient_fill_in,2,pls2,multi,output_2,84,-0.17157204613882235,0.029436967016262184,-0.17278012304485868,1.1211430450612159,1.396717225807294,
patient_fill_in,2,pls2,multi,output_3,82,0.19521929899094537,0.03811057469851612,-0.13609543492892673,1.1046999488062081,1.3519987489771057,
